Agent ID,Language ID
2f2d1393-2c25-40fa-9cf7-f5b0801f0075,16
2f2d1393-2c25-40fa-9cf7-f5b0801f0075,22
2f2d1393-2c25-40fa-9cf7-f5b0801f0075,54
ca212376-24d4-42ff-a81b-8d9c2933ac0c,16
ebee2af7-7b22-4d11-9746-8e15411f5ff6,16
ebee2af7-7b22-4d11-9746-8e15411f5ff6,41
22be22d1-1ee6-4eb6-a6b0-603f07356406,16
97f12ec3-dc4a-4a74-95c5-f489361cefcf,16
97f12ec3-dc4a-4a74-95c5-f489361cefcf,40
d6b81482-57d5-4b10-b3eb-1268ef59931e,16
d6b81482-57d5-4b10-b3eb-1268ef59931e,3
607863d6-4e51-4b66-bc8b-92165a9fdf03,16
607863d6-4e51-4b66-bc8b-92165a9fdf03,15
041625b6-8b1e-4494-8c33-f1672cd87355,16
e1950380-57d0-4d24-bac3-48f92af21e41,16
dc4a00d8-91e4-4ee6-a18a-2457e310cc0a,16
dc4a00d8-91e4-4ee6-a18a-2457e310cc0a,41
dc4a00d8-91e4-4ee6-a18a-2457e310cc0a,55
dc4a00d8-91e4-4ee6-a18a-2457e310cc0a,52
9c5777cd-81d6-47a6-8d0e-d20f831ae88c,16
9c5777cd-81d6-47a6-8d0e-d20f831ae88c,3
9c5777cd-81d6-47a6-8d0e-d20f831ae88c,19
9c5777cd-81d6-47a6-8d0e-d20f831ae88c,46
9c5777cd-81d6-47a6-8d0e-d20f831ae88c,15
d7826e6c-41d3-4e96-bd91-e274ff3ebe07,16
d7826e6c-41d3-4e96-bd91-e274ff3ebe07,41
d7826e6c-41d3-4e96-bd91-e274ff3ebe07,55
3c5329bd-04ea-4a7b-b4f9-f627f58d0967,16
3c5329bd-04ea-4a7b-b4f9-f627f58d0967,19
a4b58126-ef0a-4ce9-81aa-ec0da65fc537,16
2a29ed8c-0029-4eb0-a831-a223cbbe3101,16
2a29ed8c-0029-4eb0-a831-a223cbbe3101,3
2a29ed8c-0029-4eb0-a831-a223cbbe3101,18
59daa055-33e7-4ab3-a3e4-fcd210b06996,16
0bc534e0-5786-4d7b-ad83-7a7d76823618,16
332005ea-f006-428b-bdfe-5f78171e8199,16
f1af52e6-d07d-42e0-9f3b-978b04419a18,16
ac2c6a57-826d-47c7-9e5f-ba89f31608d3,16
b1e9573a-ad69-400f-b30b-a7b412e481e8,16
b1e9573a-ad69-400f-b30b-a7b412e481e8,3
b1e9573a-ad69-400f-b30b-a7b412e481e8,22
b1e9573a-ad69-400f-b30b-a7b412e481e8,54
ee12a58a-9b62-45b7-bcef-260756d342de,16
ee12a58a-9b62-45b7-bcef-260756d342de,3
ee12a58a-9b62-45b7-bcef-260756d342de,18
66a73d14-9a11-4925-a2b4-552120535af6,16
42e93441-a491-4dbe-a733-b5ab772ff8eb,16
42e93441-a491-4dbe-a733-b5ab772ff8eb,22
29c5c198-a909-4d65-84e1-8ad94b5f3f98,16
2b29ecff-9334-4bf5-ad99-05301dffce90,16
9bfde4a4-8d7f-409f-bf45-b0a6c41b4a74,16
9bfde4a4-8d7f-409f-bf45-b0a6c41b4a74,41
112baf3f-31b9-44ed-a104-7958df01d2f1,16
7f76df80-4d81-48c5-8b1d-d9eb402bf149,16
7f76df80-4d81-48c5-8b1d-d9eb402bf149,41
95ce78e9-ea5d-4f5d-8867-00c1114a0061,16
04cbaddb-c309-4d1b-8026-a2157ff4ecf8,16
47ccf468-1a40-47d6-8963-2c1b5a4a17a4,16
47ccf468-1a40-47d6-8963-2c1b5a4a17a4,36
10c7527d-c964-4b3b-a612-04df657a625b,16
10c7527d-c964-4b3b-a612-04df657a625b,3
10c7527d-c964-4b3b-a612-04df657a625b,22
a136116d-e179-4b80-9bf0-fd1d9a3552fb,16
54bd1a0b-5f65-4c42-a7f7-13e78d76ec80,16
54bd1a0b-5f65-4c42-a7f7-13e78d76ec80,54
66d2d3c8-a100-454b-8562-e8948e540356,16
f374d292-e57c-4961-90c7-56ece58ca7d2,16
4077e31b-876f-4ba2-99bc-d1d709bd4c9f,16
e135c427-d32b-4032-a178-30cd7a869150,16
e135c427-d32b-4032-a178-30cd7a869150,0
25ae54d3-3c3c-4781-a468-b1a4082c2cbe,16
cd023fba-0adc-4261-9ae8-ab3ae15bc25a,16
61e5eff8-8612-4cee-a5e2-4f521cbcc0e4,16
61e5eff8-8612-4cee-a5e2-4f521cbcc0e4,19
61e5eff8-8612-4cee-a5e2-4f521cbcc0e4,36
7ba62b9a-664e-4bf0-81c3-92d35d2e136e,16
7ba62b9a-664e-4bf0-81c3-92d35d2e136e,40
20ab65f5-bb05-4857-8aa2-2cea435829bb,16
cc9a38f9-a9d2-4483-87fb-bfa5e0169413,16
c135f06e-b517-4afc-bf9c-108603271873,16
b3431f7d-a0c6-4407-9622-09c47d7f0157,16
b3431f7d-a0c6-4407-9622-09c47d7f0157,18
6e1a9151-2bf2-4636-9534-4c4930ae1c32,16
ecd5d503-9aa2-4c34-973d-0dde1d61444c,16
ecd5d503-9aa2-4c34-973d-0dde1d61444c,3
a2e9cefc-027f-4764-81b3-fbf1e7470fe6,16
a2e9cefc-027f-4764-81b3-fbf1e7470fe6,36
a2e9cefc-027f-4764-81b3-fbf1e7470fe6,24
bb191eba-d513-4acc-8eaa-0b49805801b5,16
bb191eba-d513-4acc-8eaa-0b49805801b5,1
81fcad9f-98d2-4a14-822e-893ea42e2d6f,16
6d3c363a-fa1b-403b-b0df-956fdf21ad8c,16
6d3c363a-fa1b-403b-b0df-956fdf21ad8c,3
727f876a-4e24-4a68-acfc-c20bb514c3c1,16
727f876a-4e24-4a68-acfc-c20bb514c3c1,41
7d39e396-e262-4b60-908a-a515957b1f4a,16
7d39e396-e262-4b60-908a-a515957b1f4a,22
238bea24-4a83-48d0-8e6c-927363d79759,16
053e4ca6-bfb1-4a27-b9d4-75c4572d0fe9,16
053e4ca6-bfb1-4a27-b9d4-75c4572d0fe9,22
053e4ca6-bfb1-4a27-b9d4-75c4572d0fe9,54
053e4ca6-bfb1-4a27-b9d4-75c4572d0fe9,35
4161ac39-5586-4320-b738-9c1b6917242b,16
4161ac39-5586-4320-b738-9c1b6917242b,22
4161ac39-5586-4320-b738-9c1b6917242b,54
4161ac39-5586-4320-b738-9c1b6917242b,39
4eedac69-d1a4-4f48-afe7-08c7af28cade,16
0adf840d-b99d-4131-aa01-23094e8e24c4,16
0adf840d-b99d-4131-aa01-23094e8e24c4,41
0adf840d-b99d-4131-aa01-23094e8e24c4,5
0afc8222-d750-42de-b2a7-890e16241635,16
01c1ac13-cdd2-4c20-aae3-df488b3cca23,16
01c1ac13-cdd2-4c20-aae3-df488b3cca23,41
01c1ac13-cdd2-4c20-aae3-df488b3cca23,26
1dd14140-d3ef-4387-b12e-4ebe4b021875,16
1dd14140-d3ef-4387-b12e-4ebe4b021875,37
1dd14140-d3ef-4387-b12e-4ebe4b021875,19
78e34179-e88e-4a32-97e7-ef1a2a57deac,16
56f81b96-f5cf-4c5b-b51e-6ffb7d1355c0,16
8d799b8f-5fc6-4819-9a3a-7c3f7dc5d4b2,16
8d799b8f-5fc6-4819-9a3a-7c3f7dc5d4b2,48
ef939601-4e0b-4182-a235-f83219aebbec,16
ef939601-4e0b-4182-a235-f83219aebbec,22
ef939601-4e0b-4182-a235-f83219aebbec,21
ef939601-4e0b-4182-a235-f83219aebbec,39
ef939601-4e0b-4182-a235-f83219aebbec,14
ef939601-4e0b-4182-a235-f83219aebbec,44
d3571fbc-17be-4d00-aaaa-0ac6893959fa,16
d3571fbc-17be-4d00-aaaa-0ac6893959fa,3
d3571fbc-17be-4d00-aaaa-0ac6893959fa,46
4f06b728-a6a3-44da-aa66-a8ea736e7b86,16
4f06b728-a6a3-44da-aa66-a8ea736e7b86,41
4f06b728-a6a3-44da-aa66-a8ea736e7b86,53
dad764df-c4fe-4927-80c4-3689b10c24c3,16
dad764df-c4fe-4927-80c4-3689b10c24c3,22
dad764df-c4fe-4927-80c4-3689b10c24c3,30
a31946dd-4d37-48e6-b7c3-999a816143af,16
f77b71fc-e9e6-4433-ac73-5aa77e547ce0,16
9b4014b6-b1b9-4d2c-858d-df0a5d42521c,16
9b4014b6-b1b9-4d2c-858d-df0a5d42521c,22
9b4014b6-b1b9-4d2c-858d-df0a5d42521c,49
9b4014b6-b1b9-4d2c-858d-df0a5d42521c,30
a09f7339-432b-4d55-b995-3a77c76bc22a,16
a09f7339-432b-4d55-b995-3a77c76bc22a,18
99bc703c-6548-481b-bbf0-d7745aa1264d,16
74966421-6d95-47f3-9655-cd318d8f3d32,16
82ffa380-2c53-4d6e-b9fd-166c56ef239f,16
82ffa380-2c53-4d6e-b9fd-166c56ef239f,3
82ffa380-2c53-4d6e-b9fd-166c56ef239f,18
fccde4bd-e511-44c7-b821-2f272bdfe3cb,16
fccde4bd-e511-44c7-b821-2f272bdfe3cb,22
fccde4bd-e511-44c7-b821-2f272bdfe3cb,39
f047fb36-62ad-4aad-9cde-17b21cbf0f7c,16
f047fb36-62ad-4aad-9cde-17b21cbf0f7c,22
f047fb36-62ad-4aad-9cde-17b21cbf0f7c,54
360de0b1-3096-4d0d-b18c-938c12e95386,16
5449deb0-107b-42ba-8b11-bdf0f4f7411f,16
4e13cafe-67ce-4377-97af-ed340383a663,16
9762eb5d-20e9-4a60-b4e8-eafd4f003bf4,16
38c2c4b0-4232-452c-b850-718bfda4b0f2,16
38c2c4b0-4232-452c-b850-718bfda4b0f2,46
f92007f6-f8ea-440c-957e-d155839cb3a0,16
f92007f6-f8ea-440c-957e-d155839cb3a0,3
741bf4ed-8ec7-4dc6-b5a2-ebbe1b14ab7f,16
741bf4ed-8ec7-4dc6-b5a2-ebbe1b14ab7f,22
741bf4ed-8ec7-4dc6-b5a2-ebbe1b14ab7f,21
f6b9e70d-5573-42f0-8951-36b969517fee,16
f6b9e70d-5573-42f0-8951-36b969517fee,3
f6b9e70d-5573-42f0-8951-36b969517fee,18
755ba7b3-efc4-494e-8266-2fee8ccbd75c,16
ca21cf50-3ffb-4f84-9710-b5afd899c722,16
ca21cf50-3ffb-4f84-9710-b5afd899c722,3
088a1cec-2168-4ca2-95a1-416a7f618bed,16
088a1cec-2168-4ca2-95a1-416a7f618bed,52
1a8b6d80-99d0-4607-a546-2a5973c3b1e7,16
1a8b6d80-99d0-4607-a546-2a5973c3b1e7,3
da2da9f8-466c-4210-8089-239ee19f1e71,16
da2da9f8-466c-4210-8089-239ee19f1e71,41
da2da9f8-466c-4210-8089-239ee19f1e71,53
8ed2bcdb-7004-4837-a58f-c1332c85c8ea,16
8ed2bcdb-7004-4837-a58f-c1332c85c8ea,3
8ed2bcdb-7004-4837-a58f-c1332c85c8ea,54
8ed2bcdb-7004-4837-a58f-c1332c85c8ea,35
acf0d735-1b01-4807-af56-2b67a23b8e55,16
acf0d735-1b01-4807-af56-2b67a23b8e55,46
acf0d735-1b01-4807-af56-2b67a23b8e55,38
45a2365e-3e67-4a3a-adb0-e5771312d128,16
9b470918-da07-4dd9-85fc-d28f0f1bd368,16
206ddd40-c4e9-4af0-a1bf-2b02adb36234,16
3073d98d-b4e8-4c15-94fc-14327398f134,16
3073d98d-b4e8-4c15-94fc-14327398f134,36
0cac307d-eec5-4707-a7eb-c6147225ce77,16
0cac307d-eec5-4707-a7eb-c6147225ce77,41
9a25029a-aa11-46e9-a468-566055204f18,16
ae33b78f-74df-4eb8-97f2-c977227a1f39,16
ae33b78f-74df-4eb8-97f2-c977227a1f39,22
672dffd7-2320-488e-87ae-da616b4126b3,16
3e2451f0-c87a-40d5-a8a9-ca182fcea413,16
3e2451f0-c87a-40d5-a8a9-ca182fcea413,22
3e2451f0-c87a-40d5-a8a9-ca182fcea413,54
985f23d0-5dec-4be6-b3ad-dbd999ece022,16
985f23d0-5dec-4be6-b3ad-dbd999ece022,49
985f23d0-5dec-4be6-b3ad-dbd999ece022,45
5475ba75-9445-4971-b926-f1f1bf3f8b51,16
0b0b9ceb-d1ce-4eff-92cd-c4f48f28ec67,16
0b0b9ceb-d1ce-4eff-92cd-c4f48f28ec67,41
5aec51fb-96d7-4f7f-abd0-f31250726b4b,16
90e2c949-3696-4869-8717-0ed79c84cbad,16
90e2c949-3696-4869-8717-0ed79c84cbad,3
6b7be6f6-53ea-4644-813f-41790c60103c,16
6b7be6f6-53ea-4644-813f-41790c60103c,41
6b7be6f6-53ea-4644-813f-41790c60103c,40
992220ba-619e-4681-a2d4-52c908538c94,16
992220ba-619e-4681-a2d4-52c908538c94,3
992220ba-619e-4681-a2d4-52c908538c94,18
6861acc4-158a-44dd-9792-1beaaa0446d9,16
6861acc4-158a-44dd-9792-1beaaa0446d9,3
5beed155-e1a7-4184-af68-efe4cbc540ed,16
5beed155-e1a7-4184-af68-efe4cbc540ed,22
5beed155-e1a7-4184-af68-efe4cbc540ed,54
5beed155-e1a7-4184-af68-efe4cbc540ed,39
f8081e33-9826-4aed-87a5-27d065ebfd51,16
f8081e33-9826-4aed-87a5-27d065ebfd51,3
e5a4d679-2a48-4fe2-8865-7767531ad2f4,16
b4b3f9a2-cb54-4bf5-8f0c-43f4824e0039,16
b4b3f9a2-cb54-4bf5-8f0c-43f4824e0039,3
b4b3f9a2-cb54-4bf5-8f0c-43f4824e0039,18
5cf528bd-159f-405e-9ba0-2ad7e3328f6d,16
5cf528bd-159f-405e-9ba0-2ad7e3328f6d,0
1ba43953-0640-425f-90cc-0ae96d785d68,16
c6cb8f0a-922d-480b-976a-36dcedb2906c,16
20890870-5f7f-487a-b6aa-24b6a240405c,16
20890870-5f7f-487a-b6aa-24b6a240405c,46
20890870-5f7f-487a-b6aa-24b6a240405c,40
237ac6fe-c632-4efa-a512-3db5dc56d0ce,16
bcef70b5-e97b-41c8-b05a-8080f19dca2c,16
7dd9716d-d5d3-45f6-a21a-05098838718e,16
7dd9716d-d5d3-45f6-a21a-05098838718e,22
fb346a79-0cd0-4026-b980-e7efa9de8703,16
fb346a79-0cd0-4026-b980-e7efa9de8703,22
fb346a79-0cd0-4026-b980-e7efa9de8703,54
7add5406-7d79-4bbb-a439-9766d3f85c61,16
7add5406-7d79-4bbb-a439-9766d3f85c61,12
7add5406-7d79-4bbb-a439-9766d3f85c61,46
4ba271a2-0d8b-40cd-ae1e-09d5cc679d43,16
4ba271a2-0d8b-40cd-ae1e-09d5cc679d43,41
4ba271a2-0d8b-40cd-ae1e-09d5cc679d43,27
c1c81b80-e2a2-41ff-9e91-3ecf8afe46c0,16
c1c81b80-e2a2-41ff-9e91-3ecf8afe46c0,54
aca52004-3905-4dcd-aeae-6e9e3ae81407,16
6b5e528d-46bb-4872-ac80-5bd0ab85559b,16
c2e1d785-88c9-424c-b61e-44ba525602b5,16
c2e1d785-88c9-424c-b61e-44ba525602b5,54
346de6f5-753b-43d8-a506-ad251483ad3c,16
346de6f5-753b-43d8-a506-ad251483ad3c,18
346de6f5-753b-43d8-a506-ad251483ad3c,46
346de6f5-753b-43d8-a506-ad251483ad3c,38
ff68a1cc-ff64-40f4-87e2-a3716d398c5e,16
ff68a1cc-ff64-40f4-87e2-a3716d398c5e,22
ff68a1cc-ff64-40f4-87e2-a3716d398c5e,54
234cb510-e9ab-4871-9510-09d0a6c5a4ea,16
ef120118-b683-4dcb-83fd-278a5ffa433c,16
ef120118-b683-4dcb-83fd-278a5ffa433c,3
ac652177-e4a8-42d0-87dd-4e2dd6818706,16
2569dfc8-ab2a-41f9-9504-1d9c8356a08e,16
2569dfc8-ab2a-41f9-9504-1d9c8356a08e,22
2569dfc8-ab2a-41f9-9504-1d9c8356a08e,54
2569dfc8-ab2a-41f9-9504-1d9c8356a08e,39
e37b8262-b9ac-401c-a7af-ef84d7a7adf9,16
e37b8262-b9ac-401c-a7af-ef84d7a7adf9,0
0ba67753-5df0-442e-8750-92270974e91e,16
de5b306e-3823-42da-af57-da37c90f81ea,16
78b22d8d-ed35-4509-87a5-8e9270e8249e,16
eb4f327e-4854-444b-8fee-dd7e945a9962,16
eb4f327e-4854-444b-8fee-dd7e945a9962,3
eb4f327e-4854-444b-8fee-dd7e945a9962,18
646aa98a-8a2f-4df7-b60b-1efbcdd239fb,16
63d36b7f-53e4-4497-95b8-c304db0d1bce,16
63d36b7f-53e4-4497-95b8-c304db0d1bce,18
63d36b7f-53e4-4497-95b8-c304db0d1bce,22
63d36b7f-53e4-4497-95b8-c304db0d1bce,21
63d36b7f-53e4-4497-95b8-c304db0d1bce,39
cd63ab57-88f6-4ca9-8591-d44b20a8d673,16
011d287e-54ba-46e1-8eed-371f845b9ffa,16
b7ead801-f7b5-44f4-8caa-807cea0e73e0,16
25e64ef3-6829-4ce5-9086-42b19b77ac78,16
25e64ef3-6829-4ce5-9086-42b19b77ac78,3
25e64ef3-6829-4ce5-9086-42b19b77ac78,18
25e64ef3-6829-4ce5-9086-42b19b77ac78,46
d979eae0-405e-4a4c-9f7a-f60bf2c965f9,16
d979eae0-405e-4a4c-9f7a-f60bf2c965f9,3
0de515dc-5595-4b0a-b60a-09c4af627269,16
b40b642b-2dc6-45bd-b30e-217b30bd9f92,16
b40b642b-2dc6-45bd-b30e-217b30bd9f92,22
b40b642b-2dc6-45bd-b30e-217b30bd9f92,54
2b741f8b-4e6a-485a-aa39-69e0b8129fc8,16
2b741f8b-4e6a-485a-aa39-69e0b8129fc8,19
2b741f8b-4e6a-485a-aa39-69e0b8129fc8,41
1251cde7-84a6-4b18-8c00-9bc276879fda,16
1251cde7-84a6-4b18-8c00-9bc276879fda,3
1251cde7-84a6-4b18-8c00-9bc276879fda,20
8fac6daa-30c8-453c-bc5b-2196470640d4,16
fbe1ffc8-9e3d-4d13-82d2-281b60d3fb6a,16
fbe1ffc8-9e3d-4d13-82d2-281b60d3fb6a,3
fbe1ffc8-9e3d-4d13-82d2-281b60d3fb6a,18
b18bc718-adf6-4f91-b1e8-b63c8df059be,16
b18bc718-adf6-4f91-b1e8-b63c8df059be,22
b18bc718-adf6-4f91-b1e8-b63c8df059be,54
b18bc718-adf6-4f91-b1e8-b63c8df059be,39
875fc0fe-3384-48e8-9919-ef3dbdf893e8,16
875fc0fe-3384-48e8-9919-ef3dbdf893e8,22
875fc0fe-3384-48e8-9919-ef3dbdf893e8,49
875fc0fe-3384-48e8-9919-ef3dbdf893e8,30
8ca162bd-add5-4274-bc78-802fac1f977e,16
8ca162bd-add5-4274-bc78-802fac1f977e,29
04839176-62ce-43cd-a1c3-3d5a07006926,16
23992b54-0394-4d44-a2e4-ae8aa17fc6bd,16
23992b54-0394-4d44-a2e4-ae8aa17fc6bd,19
789a66cc-78aa-4ea4-b475-ce58602bb684,16
789a66cc-78aa-4ea4-b475-ce58602bb684,3
789a66cc-78aa-4ea4-b475-ce58602bb684,18
4391365f-aab1-4f63-87b3-cfb32716d9aa,16
712616a6-09c5-41b9-9377-875bbbf75d22,16
712616a6-09c5-41b9-9377-875bbbf75d22,3
6012a77a-cbd7-4824-bd24-80b922abd252,16
6012a77a-cbd7-4824-bd24-80b922abd252,22
6012a77a-cbd7-4824-bd24-80b922abd252,54
6012a77a-cbd7-4824-bd24-80b922abd252,49
6012a77a-cbd7-4824-bd24-80b922abd252,30
74799689-2a4a-46e7-829a-e364afef8c5d,16
74799689-2a4a-46e7-829a-e364afef8c5d,3
74799689-2a4a-46e7-829a-e364afef8c5d,22
74799689-2a4a-46e7-829a-e364afef8c5d,30
348d1871-65eb-4871-a6eb-494c7e82e063,16
348d1871-65eb-4871-a6eb-494c7e82e063,0
39425ee4-8228-4db4-8f51-1f6eb67b2257,16
fa9d7e83-6600-40b9-842f-dc560d0928c3,16
fa9d7e83-6600-40b9-842f-dc560d0928c3,22
fa9d7e83-6600-40b9-842f-dc560d0928c3,39
5e3601bf-76de-4ff4-94ac-3b6476b0295e,16
5e3601bf-76de-4ff4-94ac-3b6476b0295e,36
0e7352d5-b912-4da5-9898-be810981f510,16
0e7352d5-b912-4da5-9898-be810981f510,54
0e7352d5-b912-4da5-9898-be810981f510,39
41b4ddd8-6a98-492b-8119-6572435fd857,16
ca2bb257-123b-4143-9dd7-e57cbe6fe4d5,16
ca2bb257-123b-4143-9dd7-e57cbe6fe4d5,3
b2ae9bba-c637-4eee-824a-4d24f67061e8,16
b2ae9bba-c637-4eee-824a-4d24f67061e8,41
b2ae9bba-c637-4eee-824a-4d24f67061e8,53
310815ca-1532-4b30-b4cf-07f1a9a4f8e4,16
310815ca-1532-4b30-b4cf-07f1a9a4f8e4,22
811ffdd5-ad68-4da9-94bf-05c0204f5c10,16
dd512e31-19fc-416f-b659-c25f10a85afd,16
dd512e31-19fc-416f-b659-c25f10a85afd,3
d5ffa02e-41ef-4702-bd00-d8e68481d2df,16
d5ffa02e-41ef-4702-bd00-d8e68481d2df,3
d5ffa02e-41ef-4702-bd00-d8e68481d2df,18
7c8c884f-3fab-4dc4-9ed4-1efbf5c7f79c,16
7c8c884f-3fab-4dc4-9ed4-1efbf5c7f79c,19
7c8c884f-3fab-4dc4-9ed4-1efbf5c7f79c,52
2d683b2b-80a3-430a-8973-eb409041a251,16
2d683b2b-80a3-430a-8973-eb409041a251,3
962f08b8-065e-4ca3-9091-c1b26904f332,16
962f08b8-065e-4ca3-9091-c1b26904f332,23
06691da4-b7b7-46ef-b218-a24593461e0c,16
06691da4-b7b7-46ef-b218-a24593461e0c,3
32fb37f4-97bf-4abc-9bef-952c204c5638,16
32fb37f4-97bf-4abc-9bef-952c204c5638,22
32fb37f4-97bf-4abc-9bef-952c204c5638,21
747298f0-f3bf-4447-82d5-109afc4d4b5e,56
e8be006f-0f8a-4445-a1f7-2ff4d151ef4b,16
e8be006f-0f8a-4445-a1f7-2ff4d151ef4b,18
cf66e79f-0761-4c4a-89fb-72434dce521d,16
cf66e79f-0761-4c4a-89fb-72434dce521d,46
cf66e79f-0761-4c4a-89fb-72434dce521d,10
65422324-b5fb-41d3-b6da-9f1a25f69714,16
03ff6fb9-4a11-4b1d-b227-77f2d9629de4,16
03ff6fb9-4a11-4b1d-b227-77f2d9629de4,48
36dd2ac1-5137-436b-9565-2dc6d5033988,16
36dd2ac1-5137-436b-9565-2dc6d5033988,48
d6134052-4d86-4704-b699-5b559750f7e4,16
9323c237-16d1-4cb5-afe2-67e04a8b0468,16
9323c237-16d1-4cb5-afe2-67e04a8b0468,3
0ecf03b1-ec75-48f6-86d6-8727d3649b35,16
0ecf03b1-ec75-48f6-86d6-8727d3649b35,22
0ecf03b1-ec75-48f6-86d6-8727d3649b35,54
3860ce81-4613-4240-b3b4-835dd3627fd0,16
3860ce81-4613-4240-b3b4-835dd3627fd0,3
22871d08-1e76-4711-a7bb-510ba622eff8,16
22871d08-1e76-4711-a7bb-510ba622eff8,22
22871d08-1e76-4711-a7bb-510ba622eff8,50
b1076fda-54ab-4ca2-a79d-c7d3229cfdd4,16
b1076fda-54ab-4ca2-a79d-c7d3229cfdd4,3
b1076fda-54ab-4ca2-a79d-c7d3229cfdd4,18
9852a3a4-a742-474f-bd8f-b1224f3cb472,16
9852a3a4-a742-474f-bd8f-b1224f3cb472,41
7e404f29-696a-4afa-8aa1-b2ea1f15dac7,16
7e404f29-696a-4afa-8aa1-b2ea1f15dac7,39
b6602c12-1fe2-4799-9898-e577e3c38641,16
1da2b89a-4b2a-4840-8efc-cfec8f623c45,16
e31c0635-98ee-4d93-89b8-24c017bdfa7b,16
f3f7e96d-e82f-4bee-877b-37d3710a622b,16
455c9f57-2bac-4cc2-a33a-37703e5dfdbb,16
455c9f57-2bac-4cc2-a33a-37703e5dfdbb,41
455c9f57-2bac-4cc2-a33a-37703e5dfdbb,22
455c9f57-2bac-4cc2-a33a-37703e5dfdbb,30
e175df68-2b8c-4f3b-b175-2490603ea021,16
e175df68-2b8c-4f3b-b175-2490603ea021,3
e175df68-2b8c-4f3b-b175-2490603ea021,18
d7ada226-0aef-4718-b8c4-4407d84574a2,16
2fc6feb3-8811-43cc-8746-79c7858561fd,16
2fc6feb3-8811-43cc-8746-79c7858561fd,3
85a34860-c503-4dfa-8950-df9ec5a69a08,16
2b049a65-5704-49e1-887b-6be661597245,16
2b049a65-5704-49e1-887b-6be661597245,3
de4994d4-2ed5-4fb4-b39e-51b310be53c3,16
de4994d4-2ed5-4fb4-b39e-51b310be53c3,3
fca20992-75a3-4c02-b31d-7764be9e9a16,16
fca20992-75a3-4c02-b31d-7764be9e9a16,3
70836d4a-5fe2-4192-b791-95125d70b6ae,16
fc8d7d32-782e-4d57-a986-62e26324a503,16
4d307332-8840-4c23-8b5d-49c6c6ff4c9e,16
4d307332-8840-4c23-8b5d-49c6c6ff4c9e,41
4d307332-8840-4c23-8b5d-49c6c6ff4c9e,46
4d307332-8840-4c23-8b5d-49c6c6ff4c9e,53
4d307332-8840-4c23-8b5d-49c6c6ff4c9e,11
57dcfd28-c988-4670-95fb-f186da9b5113,56
9be5ba02-7031-4c42-8a7d-46dabfb061ec,16
9be5ba02-7031-4c42-8a7d-46dabfb061ec,22
9be5ba02-7031-4c42-8a7d-46dabfb061ec,54
37be487e-6e32-41c9-b57e-7121d12d8923,16
37be487e-6e32-41c9-b57e-7121d12d8923,51
1da22b41-0a51-49a6-b3b9-ffa24026b07e,16
1da22b41-0a51-49a6-b3b9-ffa24026b07e,22
f6d77d18-c936-40e6-ae7e-4ee9f859fb8a,16
f6d77d18-c936-40e6-ae7e-4ee9f859fb8a,22
f6d77d18-c936-40e6-ae7e-4ee9f859fb8a,39
6fcade28-7484-4509-98bf-09319ce43a1c,16
6fcade28-7484-4509-98bf-09319ce43a1c,22
6fcade28-7484-4509-98bf-09319ce43a1c,39
272f41ec-506b-464c-a78e-f582645e3c27,16
272f41ec-506b-464c-a78e-f582645e3c27,36
8333822b-5abf-4f10-8e19-6918759fee84,16
c1ed3886-5cf5-4c22-8370-765f782e4097,16
62639850-5fba-43e5-aa9d-90891a7807eb,16
c373d153-1338-4de6-87c5-202ae09750eb,16
8e346cda-320b-4614-af82-4e5685af03d7,16
58193d73-f050-4e9b-ab58-e31f768fcb6f,16
58193d73-f050-4e9b-ab58-e31f768fcb6f,18
58193d73-f050-4e9b-ab58-e31f768fcb6f,41
58193d73-f050-4e9b-ab58-e31f768fcb6f,40
9171af31-d425-4c5c-bf4b-dbc11a6cbab5,16
9171af31-d425-4c5c-bf4b-dbc11a6cbab5,3
b74a5904-bc31-4305-be1d-35c84b33f390,16
5377b367-75a6-4ac2-8f84-21702c10de39,16
5377b367-75a6-4ac2-8f84-21702c10de39,22
f1dd52e0-e7b9-4da3-be4a-61d02ef9ac68,16
f1dd52e0-e7b9-4da3-be4a-61d02ef9ac68,3
35cac363-fe36-4249-ab77-bcddfc8d33f0,16
35cac363-fe36-4249-ab77-bcddfc8d33f0,3
04fdd4b9-8191-409a-8f78-973741ffb06f,16
04fdd4b9-8191-409a-8f78-973741ffb06f,3
da07f70a-f589-41a4-a65b-8e865c8593b4,16
da07f70a-f589-41a4-a65b-8e865c8593b4,3
5b019632-a9c2-4526-af70-f0798104edf5,16
5b019632-a9c2-4526-af70-f0798104edf5,3
5b019632-a9c2-4526-af70-f0798104edf5,18
da7232ca-fe97-4ca7-a3c8-6b392f0157b1,16
da7232ca-fe97-4ca7-a3c8-6b392f0157b1,22
da7232ca-fe97-4ca7-a3c8-6b392f0157b1,54
f8f8440f-a76a-4b11-a11f-1698b6a5f983,16
f8f8440f-a76a-4b11-a11f-1698b6a5f983,3
a7ff4b6f-e7bd-46a4-bc2e-26a5784a1521,16
a7ff4b6f-e7bd-46a4-bc2e-26a5784a1521,46
eec0cc54-0c39-4ddd-97d1-f837da76d09f,16
083fc48c-b635-4677-946b-058bc78f1674,16
083fc48c-b635-4677-946b-058bc78f1674,22
083fc48c-b635-4677-946b-058bc78f1674,54
5099d7c1-7551-42b9-8e20-c5ba0fe12c0e,16
5099d7c1-7551-42b9-8e20-c5ba0fe12c0e,46
e2babd44-472c-44ac-b585-28b863a7c897,16
88cc6586-7369-4402-b522-864e0c86e98b,16
88cc6586-7369-4402-b522-864e0c86e98b,19
88cc6586-7369-4402-b522-864e0c86e98b,36
e6a29fc2-fc22-4a0c-896d-0c161d4f60a5,16
e6a29fc2-fc22-4a0c-896d-0c161d4f60a5,18
e6a29fc2-fc22-4a0c-896d-0c161d4f60a5,46
e6a29fc2-fc22-4a0c-896d-0c161d4f60a5,38
ba29bba3-085a-4a74-bd74-8d75e9109f49,16
ba29bba3-085a-4a74-bd74-8d75e9109f49,3
d8832ba0-bd4b-42a5-9da8-e6ed095bf486,16
1e603733-bb42-44b0-a2a6-bc1834711964,16
1e603733-bb42-44b0-a2a6-bc1834711964,3
fb97c5f2-8810-4365-9e73-07901e58b1d6,16
fb97c5f2-8810-4365-9e73-07901e58b1d6,3
cfbe2135-87c5-489a-a07e-ec65c3e939c1,16
cfbe2135-87c5-489a-a07e-ec65c3e939c1,3
cfbe2135-87c5-489a-a07e-ec65c3e939c1,18
b3d0c803-590b-4bc1-8505-3b712050a8d3,16
b3d0c803-590b-4bc1-8505-3b712050a8d3,36
568eff3e-3ac9-4e64-8430-9619cd13abc8,16
d3c07c3e-7c15-4ae3-bb5b-db9d34c0b582,16
d3c07c3e-7c15-4ae3-bb5b-db9d34c0b582,3
d3c07c3e-7c15-4ae3-bb5b-db9d34c0b582,22
d3c07c3e-7c15-4ae3-bb5b-db9d34c0b582,54
d3c07c3e-7c15-4ae3-bb5b-db9d34c0b582,9
c6804315-cc6e-4e52-bcf0-793eea002b44,16
c6804315-cc6e-4e52-bcf0-793eea002b44,48
e77bfbd9-1d56-4afd-b0dd-3ff752004d27,16
a3a14798-b3c5-4c3f-9693-d591ef21e725,16
0ce9601b-0797-4243-a2ef-06436913b1a5,16
0ce9601b-0797-4243-a2ef-06436913b1a5,3
2e8b6290-66f6-483a-9c52-d6e77faba713,16
2e8b6290-66f6-483a-9c52-d6e77faba713,3
2e8b6290-66f6-483a-9c52-d6e77faba713,24
d472a875-3941-40ce-a82e-29442d7c09bf,16
d472a875-3941-40ce-a82e-29442d7c09bf,3
d472a875-3941-40ce-a82e-29442d7c09bf,22
d472a875-3941-40ce-a82e-29442d7c09bf,30
603febfd-f6d8-44a6-b78e-437906f559e1,16
603febfd-f6d8-44a6-b78e-437906f559e1,37
3c73e4f2-7c72-4239-99b6-63a1d16eee07,16
52e94f3f-c8e3-42d3-866d-d74586b960e5,16
52e94f3f-c8e3-42d3-866d-d74586b960e5,22
52e94f3f-c8e3-42d3-866d-d74586b960e5,39
b4fe4476-f247-466e-8170-7f341c984202,16
b4fe4476-f247-466e-8170-7f341c984202,48
8d2811e6-bb8d-4797-8051-89531a4bb781,16
8d2811e6-bb8d-4797-8051-89531a4bb781,54
a91db9d6-6ffb-4b6b-bd0d-5224b886199b,16
77792d3e-61d6-48cd-8332-60b5507a431b,16
379cc066-a6d1-45cd-986b-036f9d4ba440,16
379cc066-a6d1-45cd-986b-036f9d4ba440,22
379cc066-a6d1-45cd-986b-036f9d4ba440,54
379cc066-a6d1-45cd-986b-036f9d4ba440,39
0083f83e-29e8-4e70-aa36-6aa092e8fa83,16
637f9282-32dd-4362-9471-10fec0eae79b,16
a8b823d9-c5fc-435f-9a01-65457e8befcd,16
a8b823d9-c5fc-435f-9a01-65457e8befcd,3
14b9ff0a-d6cf-49ad-8d2f-1538d2a2775d,16
14b9ff0a-d6cf-49ad-8d2f-1538d2a2775d,41
14b9ff0a-d6cf-49ad-8d2f-1538d2a2775d,5
b282697c-2dc0-401d-9d59-4786497baebf,16
b282697c-2dc0-401d-9d59-4786497baebf,3
b282697c-2dc0-401d-9d59-4786497baebf,18
efa5add3-0aca-4ecd-b0af-21c924641854,16
efa5add3-0aca-4ecd-b0af-21c924641854,3
024a1088-2e30-4ca2-a338-242d84e93d91,16
024a1088-2e30-4ca2-a338-242d84e93d91,3
b7f79847-8466-45e0-9fa7-2e063c679da6,16
b7f79847-8466-45e0-9fa7-2e063c679da6,42
b1f4fa7e-785c-4ab9-ae51-7cf86fc8dea5,16
368ac316-0d18-4381-b9f4-3f33b9af6d28,16
3614014d-9b2c-448d-951e-fe5613468ffe,16
0eb3a03c-bb24-4bbc-9b38-1c860c9dc8c7,16
0eb3a03c-bb24-4bbc-9b38-1c860c9dc8c7,41
0eb3a03c-bb24-4bbc-9b38-1c860c9dc8c7,52
a7eddf5d-16b9-44e3-9cfd-ed695a0f1c71,16
a7eddf5d-16b9-44e3-9cfd-ed695a0f1c71,22
a7eddf5d-16b9-44e3-9cfd-ed695a0f1c71,39
5521e2ae-d91f-4d6e-bcfe-a11e3399cecc,16
5521e2ae-d91f-4d6e-bcfe-a11e3399cecc,3
0bf6f604-d8b1-4f86-a40d-034886a330e1,16
316fef0a-6e01-4720-8f3c-a1a0e4b36214,16
77c85ad9-9166-42eb-9175-4bbceb218190,16
0f82b2dd-b228-4004-819c-7972c1cc859e,16
c387826b-4160-4982-b159-b798708bbe2e,16
c387826b-4160-4982-b159-b798708bbe2e,22
c387826b-4160-4982-b159-b798708bbe2e,54
f13f9a7f-7b64-4afd-8256-fc9b049672da,16
f13f9a7f-7b64-4afd-8256-fc9b049672da,54
d8322191-ac88-413b-8803-288fbbb5b1f1,16
d8322191-ac88-413b-8803-288fbbb5b1f1,41
cd3830b7-1d78-473c-aadc-6cc4bb1fc5cd,16
cd3830b7-1d78-473c-aadc-6cc4bb1fc5cd,41
8429a048-2be3-452a-acc8-4d59b9ede0c0,16
8429a048-2be3-452a-acc8-4d59b9ede0c0,3
00f72587-aa66-41db-90ba-d9018e92ddf8,16
f946300c-a14c-430d-8a5c-14df57579026,16
f946300c-a14c-430d-8a5c-14df57579026,18
4deb59c5-a844-4180-8209-1f1db8908891,16
459b1aaa-1935-4127-b976-cf6dd170301a,16
459b1aaa-1935-4127-b976-cf6dd170301a,22
459b1aaa-1935-4127-b976-cf6dd170301a,54
c88323cd-5231-42fe-bd12-8fa08c9c3f5a,16
25476039-229b-4e23-9060-0120a7ade119,16
25476039-229b-4e23-9060-0120a7ade119,22
44c19887-9b4b-41a9-a74c-95a88248e775,16
44c19887-9b4b-41a9-a74c-95a88248e775,3
31edcca3-3f7a-4f23-aff1-d4e1b921d749,16
31edcca3-3f7a-4f23-aff1-d4e1b921d749,3
31edcca3-3f7a-4f23-aff1-d4e1b921d749,19
31edcca3-3f7a-4f23-aff1-d4e1b921d749,41
31edcca3-3f7a-4f23-aff1-d4e1b921d749,31
ccb320ef-a3b0-4f6d-80c4-62aa79a34741,16
ccb320ef-a3b0-4f6d-80c4-62aa79a34741,15
d50d6956-0cf1-4321-b80d-dc93f9821bb4,16
d50d6956-0cf1-4321-b80d-dc93f9821bb4,3
c680c4e1-b142-443f-9d72-d57a28133b01,16
735429a6-2276-4bcb-9134-5fba9d364887,16
735429a6-2276-4bcb-9134-5fba9d364887,22
735429a6-2276-4bcb-9134-5fba9d364887,54
378daee0-0188-40e0-97ff-6805e1a89a38,16
378daee0-0188-40e0-97ff-6805e1a89a38,22
1a09930e-9bce-4598-9815-ae3c37ed3b43,16
1a09930e-9bce-4598-9815-ae3c37ed3b43,3
bcf3257a-767e-4385-b1cd-fb0bb5cfea76,16
bcf3257a-767e-4385-b1cd-fb0bb5cfea76,36
f7d13d4c-7206-40d9-972b-dd1cc266a559,16
f7d13d4c-7206-40d9-972b-dd1cc266a559,22
f7d13d4c-7206-40d9-972b-dd1cc266a559,21
e0447d5f-0f17-4507-94f4-90657d674971,16
c39fe082-3fc6-4f98-8e33-038894007093,16
c39fe082-3fc6-4f98-8e33-038894007093,3
257c42ac-8de3-4504-90b0-f5721ecdf32c,16
ec65ab1a-dd5e-4023-8f67-aeab4addfd2b,16
ec65ab1a-dd5e-4023-8f67-aeab4addfd2b,3
ec4ac0dd-0416-4408-8187-60fde997e45a,16
ec4ac0dd-0416-4408-8187-60fde997e45a,18
3b859a45-ce4b-47ac-a7d9-254595534873,16
3b859a45-ce4b-47ac-a7d9-254595534873,22
3b859a45-ce4b-47ac-a7d9-254595534873,54
b5320c28-7a0b-4a01-bdc1-9f788e4c1c69,16
b5320c28-7a0b-4a01-bdc1-9f788e4c1c69,22
b5320c28-7a0b-4a01-bdc1-9f788e4c1c69,54
11518aa3-0005-4af4-9a09-16088c9c03b2,16
11518aa3-0005-4af4-9a09-16088c9c03b2,22
11518aa3-0005-4af4-9a09-16088c9c03b2,54
24c39605-4b64-4be3-9ce5-faa1aa378545,16
24c39605-4b64-4be3-9ce5-faa1aa378545,52
5631b677-f9f0-45d3-bc65-913da4618e53,16
5631b677-f9f0-45d3-bc65-913da4618e53,19
5631b677-f9f0-45d3-bc65-913da4618e53,36
ba3b2258-2586-4746-b3ec-9e840b6c9f25,16
ba3b2258-2586-4746-b3ec-9e840b6c9f25,54
4e7a5b35-5fde-49f6-b6bd-be3e2b2f17bc,16
67568d2a-b4c9-4ece-be62-5e7ef55718fb,16
67568d2a-b4c9-4ece-be62-5e7ef55718fb,3
67568d2a-b4c9-4ece-be62-5e7ef55718fb,18
67568d2a-b4c9-4ece-be62-5e7ef55718fb,19
67568d2a-b4c9-4ece-be62-5e7ef55718fb,15
78607e02-7096-436e-b587-db24e3e15461,16
78607e02-7096-436e-b587-db24e3e15461,22
ec8dae5c-980b-46ee-a3e7-36d8251aa7db,16
6c677d94-3b3b-4bf3-8c61-da59ecba3415,16
6c677d94-3b3b-4bf3-8c61-da59ecba3415,54
36f77dcd-20b1-4e63-a775-d9cf4c9b5da1,16
36f77dcd-20b1-4e63-a775-d9cf4c9b5da1,54
627d8941-04c6-4dc6-a3aa-8e1084921e66,16
627d8941-04c6-4dc6-a3aa-8e1084921e66,22
29cab995-0b4f-4b83-8062-3d44abac60c9,16
29cab995-0b4f-4b83-8062-3d44abac60c9,18
4153e7e6-5ceb-4a91-886d-fb9d263b493a,16
4153e7e6-5ceb-4a91-886d-fb9d263b493a,3
8e49d9e4-fbf8-4735-b482-2a3e2881bb01,16
8e49d9e4-fbf8-4735-b482-2a3e2881bb01,22
8e49d9e4-fbf8-4735-b482-2a3e2881bb01,54
0dbe2975-7df1-42c3-8de1-72c1309649a7,16
0dbe2975-7df1-42c3-8de1-72c1309649a7,3
fc5b8680-b8ef-4679-a31f-39b6c59cd589,16
fc5b8680-b8ef-4679-a31f-39b6c59cd589,37
7f2b91b8-8874-4d4a-a70a-0ee4d49d7f3b,16
7f2b91b8-8874-4d4a-a70a-0ee4d49d7f3b,54
086573b0-8fa7-46ae-857c-b449913d644d,16
086573b0-8fa7-46ae-857c-b449913d644d,41
0690d46a-b7cf-4d6f-beec-24ae12fea0d9,16
88bf66a0-2d15-4da5-b330-ea8246a093e7,16
88bf66a0-2d15-4da5-b330-ea8246a093e7,18
ff6ea565-6590-46da-9bd9-2945413a7784,16
ff6ea565-6590-46da-9bd9-2945413a7784,3
7edc820d-5233-4886-8833-4ba5b5c879d4,16
7edc820d-5233-4886-8833-4ba5b5c879d4,3
891bedab-afd4-42c5-9820-ed3bb3a686cd,16
891bedab-afd4-42c5-9820-ed3bb3a686cd,22
891bedab-afd4-42c5-9820-ed3bb3a686cd,54
891bedab-afd4-42c5-9820-ed3bb3a686cd,35
63b9784d-f25d-495b-a92b-e4df274874bd,16
fd119f2a-7976-4385-b0c1-ee595bec012a,16
fd119f2a-7976-4385-b0c1-ee595bec012a,0
2e6bf957-d79e-4c16-a578-8bb01b48e367,16
2e6bf957-d79e-4c16-a578-8bb01b48e367,41
2e6bf957-d79e-4c16-a578-8bb01b48e367,53
9ef26ff5-930e-4f16-9044-381abcd512d3,16
9ef26ff5-930e-4f16-9044-381abcd512d3,22
9ef26ff5-930e-4f16-9044-381abcd512d3,34
0ee52208-7a0e-489f-a36c-ffa680858d9b,16
e1320313-3e77-49db-ae06-60675f9b412a,16
e1320313-3e77-49db-ae06-60675f9b412a,22
ba36a1dd-470d-4d9d-952b-24a2e97472b4,16
ba36a1dd-470d-4d9d-952b-24a2e97472b4,3
196b304f-dabe-4790-9352-83ff71cfb6e8,16
196b304f-dabe-4790-9352-83ff71cfb6e8,18
196b304f-dabe-4790-9352-83ff71cfb6e8,41
196b304f-dabe-4790-9352-83ff71cfb6e8,26
85994485-6db9-45db-852d-c8225d1157dc,16
a9b0f71f-7558-4e06-a1bb-f749d0be8d5a,16
a9b0f71f-7558-4e06-a1bb-f749d0be8d5a,22
a3b9cb33-d592-4bcf-bc86-3fd8779246f9,16
a3b9cb33-d592-4bcf-bc86-3fd8779246f9,18
73b9f459-ae8b-4a99-82e1-a524bcc37e03,16
73b9f459-ae8b-4a99-82e1-a524bcc37e03,22
2449373b-0a9e-4cd1-ab3e-f9e3451b02ec,16
5d00a601-ff0f-479e-aa16-e546d24d70ae,16
2efa1ca1-a0d0-4c68-a9e5-2c78e03c7212,16
1c49307e-54c4-4b33-bdfa-b5508c7632d4,16
1c49307e-54c4-4b33-bdfa-b5508c7632d4,41
1c49307e-54c4-4b33-bdfa-b5508c7632d4,46
1c49307e-54c4-4b33-bdfa-b5508c7632d4,52
6565797c-8da3-45a1-9bd6-00c0d42a7830,16
6565797c-8da3-45a1-9bd6-00c0d42a7830,0
8ee0a90e-371b-4d5e-8d09-bae7c4e9f2f2,16
8ee0a90e-371b-4d5e-8d09-bae7c4e9f2f2,43
1a5aad79-4ed6-48dd-acca-efc2702c01be,16
1a5aad79-4ed6-48dd-acca-efc2702c01be,22
7ec63891-df64-4ecf-90be-19d0e6b0efc7,16
c850a8fd-dc55-4351-9a67-7ddbb8f93e2b,16
c850a8fd-dc55-4351-9a67-7ddbb8f93e2b,6
c4e87bfa-a1f8-4424-b6cc-d152892c5b26,16
813afa63-fb2f-40e8-a9fe-efec5f90b696,16
1ddb6ca0-44e2-4cfe-9d89-0e2dc3543191,16
1ddb6ca0-44e2-4cfe-9d89-0e2dc3543191,22
1ddb6ca0-44e2-4cfe-9d89-0e2dc3543191,46
7aec50f3-1e3e-48ee-9d69-48c6d8ee4f28,16
7aec50f3-1e3e-48ee-9d69-48c6d8ee4f28,41
16f499d5-9a6f-41f1-9ff7-0e46ab7fd8fc,16
58368cb2-3545-456e-9818-1e93da5c00ca,41
58368cb2-3545-456e-9818-1e93da5c00ca,27
58368cb2-3545-456e-9818-1e93da5c00ca,52
816e709b-6421-4398-bdc4-6745af4814c9,16
816e709b-6421-4398-bdc4-6745af4814c9,3
2d70b6eb-75a8-48de-af5b-6cd7805fc0ef,16
2d70b6eb-75a8-48de-af5b-6cd7805fc0ef,3
c03e3819-61d3-448e-a7d1-5b3b89e0ca85,16
07115908-7b48-4355-850b-cf8028816004,16
0e58170e-acd3-4534-8574-9044d91fc3f7,16
0e58170e-acd3-4534-8574-9044d91fc3f7,3
0e58170e-acd3-4534-8574-9044d91fc3f7,18
732055d2-31e2-40dc-977c-2b81ea801cb9,16
732055d2-31e2-40dc-977c-2b81ea801cb9,41
4d3bb5a7-b816-4c3d-a334-f110377d26d4,16
4d3bb5a7-b816-4c3d-a334-f110377d26d4,22
4d3bb5a7-b816-4c3d-a334-f110377d26d4,35
1257d4e4-6d9d-46b7-9158-6e53cbcd5fc6,16
1257d4e4-6d9d-46b7-9158-6e53cbcd5fc6,3
1257d4e4-6d9d-46b7-9158-6e53cbcd5fc6,18
11aebeac-8ef4-41a9-a658-0d587f581fab,16
11aebeac-8ef4-41a9-a658-0d587f581fab,46
bcc82758-7f33-4b58-878f-fecf73df0f79,16
bcc82758-7f33-4b58-878f-fecf73df0f79,22
bcc82758-7f33-4b58-878f-fecf73df0f79,54
bcc82758-7f33-4b58-878f-fecf73df0f79,9
ec5ffbcf-350a-487d-beac-7a61babc2b77,16
ec5ffbcf-350a-487d-beac-7a61babc2b77,18
a140134d-dea6-46b3-977a-f2ca0cfeb356,16
a140134d-dea6-46b3-977a-f2ca0cfeb356,41
a140134d-dea6-46b3-977a-f2ca0cfeb356,40
aa1944e2-a5cb-4e8f-8261-5d5f4d624a49,16
aa1944e2-a5cb-4e8f-8261-5d5f4d624a49,3
aa1944e2-a5cb-4e8f-8261-5d5f4d624a49,22
aa1944e2-a5cb-4e8f-8261-5d5f4d624a49,54
aa1944e2-a5cb-4e8f-8261-5d5f4d624a49,39
8df69182-537f-43bc-86f8-f1df57142f06,16
8df69182-537f-43bc-86f8-f1df57142f06,54
d4bb7394-a896-4733-84df-b725f2db71c0,16
d4bb7394-a896-4733-84df-b725f2db71c0,41
a7c9958f-b669-4a22-a0f6-d9113bbfb488,16
898f870b-e3f8-4f7d-a264-0e67cd4c38ef,16
898f870b-e3f8-4f7d-a264-0e67cd4c38ef,3
f72e6aa4-5e91-4f79-b12f-be02b03f8123,16
f72e6aa4-5e91-4f79-b12f-be02b03f8123,19
f72e6aa4-5e91-4f79-b12f-be02b03f8123,46
f72e6aa4-5e91-4f79-b12f-be02b03f8123,15
7220025c-78d9-4293-85b0-417a0f1a8f34,16
7220025c-78d9-4293-85b0-417a0f1a8f34,3
03724b0d-734a-4d8b-b389-3275c72fbb4c,16
03724b0d-734a-4d8b-b389-3275c72fbb4c,22
22d59f49-5446-4c33-a5ca-083c3793a898,16
22d59f49-5446-4c33-a5ca-083c3793a898,3
be1085bc-568e-4bff-889c-5cfa7aff2bd9,16
2ad60336-a8bd-42dc-a5c3-1608ecb99cdd,16
624a0316-6985-4574-8093-03ecda1c91e1,16
624a0316-6985-4574-8093-03ecda1c91e1,3
624a0316-6985-4574-8093-03ecda1c91e1,41
624a0316-6985-4574-8093-03ecda1c91e1,55
13f67ffe-5de0-40b3-b873-017ab2501377,16
13f67ffe-5de0-40b3-b873-017ab2501377,3
13f67ffe-5de0-40b3-b873-017ab2501377,18
13f67ffe-5de0-40b3-b873-017ab2501377,24
3e4de474-c564-42b9-9fbb-570584fc0214,16
85ec02d4-0f2c-4d03-95dc-992b4f452888,16
85ec02d4-0f2c-4d03-95dc-992b4f452888,45
d0c2ad44-d543-4a54-aea5-c1f83fa8e580,16
d89ac493-9221-411e-afea-547dcef184b3,16
d49394b2-d46b-4748-80a7-26747280f7a3,16
4c906df7-f333-4d0b-bbbf-953435372fe8,16
4c906df7-f333-4d0b-bbbf-953435372fe8,3
4c906df7-f333-4d0b-bbbf-953435372fe8,22
4c906df7-f333-4d0b-bbbf-953435372fe8,54
4c906df7-f333-4d0b-bbbf-953435372fe8,39
894277c1-2416-4210-91a7-042e77e03c24,16
894277c1-2416-4210-91a7-042e77e03c24,3
8b5d79f8-4d28-43be-a256-a7666327b0c3,16
8b5d79f8-4d28-43be-a256-a7666327b0c3,54
85823410-1d4c-488e-9751-3c9a0e2b664f,16
85823410-1d4c-488e-9751-3c9a0e2b664f,3
12f578e2-7855-4140-9b54-a2b17bdde8a4,16
12f578e2-7855-4140-9b54-a2b17bdde8a4,3
12f578e2-7855-4140-9b54-a2b17bdde8a4,52
3aecef9f-ae9b-47e6-8782-a1abf89ca331,16
3aecef9f-ae9b-47e6-8782-a1abf89ca331,18
3aecef9f-ae9b-47e6-8782-a1abf89ca331,19
7fcd4053-320d-469b-af32-afa19dd3a0e1,16
5707e393-0cf6-4326-8e4b-6db0ad03acca,16
5707e393-0cf6-4326-8e4b-6db0ad03acca,54
b49ad35e-f531-469b-a2f4-7a21bf600465,16
b49ad35e-f531-469b-a2f4-7a21bf600465,22
58f292eb-d047-435d-84ae-6e3aa1f458cc,16
58f292eb-d047-435d-84ae-6e3aa1f458cc,41
cfd9769a-cae6-46fe-aeb5-f31d36a9e661,16
cfd9769a-cae6-46fe-aeb5-f31d36a9e661,41
9944caed-9323-4935-9c32-a0b63a2c4f37,16
9944caed-9323-4935-9c32-a0b63a2c4f37,3
9944caed-9323-4935-9c32-a0b63a2c4f37,22
9944caed-9323-4935-9c32-a0b63a2c4f37,54
9944caed-9323-4935-9c32-a0b63a2c4f37,35
f0c36b7c-3dce-4902-ad00-adef4db4645c,16
dc96b2ba-488c-4341-8423-5671ecee79ea,16
dc96b2ba-488c-4341-8423-5671ecee79ea,3
f1ceaaf1-9615-478b-87e6-0385de947de8,16
f1ceaaf1-9615-478b-87e6-0385de947de8,37
2ff2deef-12b1-4f6b-80d8-06cbee31db1d,16
2ff2deef-12b1-4f6b-80d8-06cbee31db1d,3
2ff2deef-12b1-4f6b-80d8-06cbee31db1d,36
9a3ff19b-31ea-4e5f-9f7f-78d29fe306a1,16
9a3ff19b-31ea-4e5f-9f7f-78d29fe306a1,22
9a3ff19b-31ea-4e5f-9f7f-78d29fe306a1,54
6965720c-e28a-4a0b-b748-b11b708a3c2b,16
d3513f64-96c9-478c-9464-4a319f8fedc0,16
d3513f64-96c9-478c-9464-4a319f8fedc0,3
d3513f64-96c9-478c-9464-4a319f8fedc0,41
d3513f64-96c9-478c-9464-4a319f8fedc0,54
d3513f64-96c9-478c-9464-4a319f8fedc0,48
d3513f64-96c9-478c-9464-4a319f8fedc0,55
d6b44c08-7a3a-458e-996d-b98c01ef9362,16
ffb7ebfc-d8c3-4121-8f6f-61187bb766e0,16
ffb7ebfc-d8c3-4121-8f6f-61187bb766e0,18
ffb7ebfc-d8c3-4121-8f6f-61187bb766e0,22
ffb7ebfc-d8c3-4121-8f6f-61187bb766e0,15
3faf70ca-52a8-420a-8e6b-cd38b1d21a5d,16
3faf70ca-52a8-420a-8e6b-cd38b1d21a5d,41
6ca6c693-9e07-4cde-ab28-889360c6a6b0,16
0de354de-2ea9-413e-bd1d-542d3cfbe377,16
0de354de-2ea9-413e-bd1d-542d3cfbe377,3
ab98b72b-a0c9-4ba6-8385-65dadec2d455,16
ab98b72b-a0c9-4ba6-8385-65dadec2d455,3
57bb51fe-2d2b-43bd-99ad-d61ae8031769,16
57bb51fe-2d2b-43bd-99ad-d61ae8031769,31
a76af3c3-5a36-4d6d-a445-cf763ee8840f,16
a76af3c3-5a36-4d6d-a445-cf763ee8840f,37
a76af3c3-5a36-4d6d-a445-cf763ee8840f,19
02a85d24-08fc-4a95-81b3-1adbc3288b3e,16
02a85d24-08fc-4a95-81b3-1adbc3288b3e,3
02a85d24-08fc-4a95-81b3-1adbc3288b3e,47
ab90e7a9-7981-4830-9d31-ecdd12e5edb6,16
ab90e7a9-7981-4830-9d31-ecdd12e5edb6,22
ab90e7a9-7981-4830-9d31-ecdd12e5edb6,54
4fd618df-1ab0-4726-abd4-bba77a630001,16
f20795db-b631-46a0-b0a2-ab9cb149eeb8,16
f20795db-b631-46a0-b0a2-ab9cb149eeb8,22
48b9bfbd-7662-4272-99db-6e85566c047e,16
48b9bfbd-7662-4272-99db-6e85566c047e,22
d4691638-22d8-4f03-8018-4bcef50e38b9,16
d4691638-22d8-4f03-8018-4bcef50e38b9,3
1c580c03-247f-4c7d-b046-dff24e953fa4,16
1c580c03-247f-4c7d-b046-dff24e953fa4,9
038ad8da-62fa-47ca-bd7b-92c416236ed3,16
038ad8da-62fa-47ca-bd7b-92c416236ed3,22
038ad8da-62fa-47ca-bd7b-92c416236ed3,54
2af6ced9-f3f7-492c-b55c-c4be78807799,16
b19d193b-6fdf-48ca-8f04-c814668d8866,16
b19d193b-6fdf-48ca-8f04-c814668d8866,3
b4b1c048-c91e-4c20-87aa-284c127dad67,16
b4b1c048-c91e-4c20-87aa-284c127dad67,3
be923074-1955-4899-8a72-d8409034a7ea,16
d0ebc174-1da3-4408-b182-721dcd4ce28d,16
684842c5-6a91-49b3-86c8-0142f9c5d33f,16
684842c5-6a91-49b3-86c8-0142f9c5d33f,3
58626ded-d608-416d-be2d-13eae4b44fbf,16
58626ded-d608-416d-be2d-13eae4b44fbf,41
58626ded-d608-416d-be2d-13eae4b44fbf,55
59b3483f-b2f8-4efb-ab62-98161360d3d7,16
59b3483f-b2f8-4efb-ab62-98161360d3d7,41
84a93e99-ce79-42db-8ffa-679377b299ba,16
84a93e99-ce79-42db-8ffa-679377b299ba,22
84a93e99-ce79-42db-8ffa-679377b299ba,54
84a93e99-ce79-42db-8ffa-679377b299ba,39
73490432-df3c-4368-b3d7-6eb9ad3cd3e3,16
73490432-df3c-4368-b3d7-6eb9ad3cd3e3,3
2c89be21-2586-445b-bdc8-5db22444221b,16
2c89be21-2586-445b-bdc8-5db22444221b,3
7fb5e883-9f88-4d68-ba5a-c3cd194d2fc2,16
7fb5e883-9f88-4d68-ba5a-c3cd194d2fc2,22
83e28f8d-0ef2-4c93-993c-300a7342fc3b,16
83e28f8d-0ef2-4c93-993c-300a7342fc3b,46
83e28f8d-0ef2-4c93-993c-300a7342fc3b,40
23067768-aebd-4f7f-b47b-793fd280829d,16
23067768-aebd-4f7f-b47b-793fd280829d,3
905c82f4-7375-4b96-9b4b-06b50dc3094b,56
38c3e84e-6c3d-4c2e-9a6f-348fdfb78c24,16
d810555a-e7eb-4fb3-bdac-4e01dcf49f53,16
6842a96b-431f-4348-87db-6ba5ea95774d,16
6842a96b-431f-4348-87db-6ba5ea95774d,3
991e8dbe-fe61-42d7-8203-2a6f30b62a30,16
991e8dbe-fe61-42d7-8203-2a6f30b62a30,22
991e8dbe-fe61-42d7-8203-2a6f30b62a30,54
ed3f10f4-2976-4dda-88a5-d47df546b032,16
ed3f10f4-2976-4dda-88a5-d47df546b032,41
ed3f10f4-2976-4dda-88a5-d47df546b032,52
263c9e38-aa47-4b95-ae49-8f113a9b5148,16
263c9e38-aa47-4b95-ae49-8f113a9b5148,36
2b9a200f-0f0a-490d-8a4d-3934bb18e96c,16
341eae25-4f01-4c08-94a6-6a1fb39b5b7c,16
3138d115-6c7f-4365-bd94-d03d57001803,16
54b78f93-fc35-402e-aafd-0974895f73f3,16
f3601b86-c93d-4a6c-8e7b-a17f1ea1ef80,16
f99ac408-f950-4864-b7c2-f7108bc4dff3,16
f99ac408-f950-4864-b7c2-f7108bc4dff3,22
f99ac408-f950-4864-b7c2-f7108bc4dff3,30
390bb6bc-0e2d-4a20-b31b-ca62ed566323,16
390bb6bc-0e2d-4a20-b31b-ca62ed566323,54
eb5cefdd-a245-4322-bbdc-139765ccbb15,16
eb5cefdd-a245-4322-bbdc-139765ccbb15,3
eb5cefdd-a245-4322-bbdc-139765ccbb15,18
e04a5a22-18d4-4c40-b313-71a86a895aed,16
e04a5a22-18d4-4c40-b313-71a86a895aed,3
03a38123-034b-42d3-a84f-262248520675,56
cfe35b73-e877-4f0b-b7a6-7f234fbc7263,16
cfe35b73-e877-4f0b-b7a6-7f234fbc7263,54
2c3ab38c-1676-42d6-b635-2dc6a0d744c6,16
dde456be-34b3-4723-94fc-2a65fcb27b92,16
dde456be-34b3-4723-94fc-2a65fcb27b92,20
e01f76fe-d54d-4a96-9256-a0c2c1b48ddc,16
e01f76fe-d54d-4a96-9256-a0c2c1b48ddc,3
e01f76fe-d54d-4a96-9256-a0c2c1b48ddc,18
e01f76fe-d54d-4a96-9256-a0c2c1b48ddc,41
23fc93bd-225c-46dd-a951-0c1b2423f7b7,16
23fc93bd-225c-46dd-a951-0c1b2423f7b7,3
23fc93bd-225c-46dd-a951-0c1b2423f7b7,18
629dfa34-b1c2-4651-b82c-e14e770397f2,16
629dfa34-b1c2-4651-b82c-e14e770397f2,54
629dfa34-b1c2-4651-b82c-e14e770397f2,39
e47a9364-07f2-4668-9e8e-38f7a37b6982,16
e47a9364-07f2-4668-9e8e-38f7a37b6982,54
69b929f0-bce4-4a6d-b1c0-fcf08ac91b93,16
6ba07f02-8990-44cc-99ea-49ab963eab16,16
6ba07f02-8990-44cc-99ea-49ab963eab16,41
6ba07f02-8990-44cc-99ea-49ab963eab16,52
db002d8d-dc01-49ea-8cc1-6c9a1ba1fb76,16
fbebdaec-40c0-43e9-9f06-7a17e4a5be52,16
fbebdaec-40c0-43e9-9f06-7a17e4a5be52,3
39234ab5-dce2-4e7c-929c-71b070d63c63,16
39234ab5-dce2-4e7c-929c-71b070d63c63,3
39234ab5-dce2-4e7c-929c-71b070d63c63,18
ee7261b4-2c34-4929-82f2-11dd6153490a,16
2ddbf58b-6c87-46f9-bca8-fcae55572af1,16
e708978c-1ed9-4a89-8b91-f6b7a8d60830,16
e708978c-1ed9-4a89-8b91-f6b7a8d60830,3
a9d05cb7-99da-4188-a3f9-c294f7e59d97,16
97e43ef2-e462-418c-afe6-1102b64d98c1,16
97e43ef2-e462-418c-afe6-1102b64d98c1,46
97e43ef2-e462-418c-afe6-1102b64d98c1,40
b073d7de-2232-418a-b3d6-28b312ce863d,16
b073d7de-2232-418a-b3d6-28b312ce863d,22
b073d7de-2232-418a-b3d6-28b312ce863d,54
9e48dd57-368f-495c-bea4-7aec637485aa,16
8923f870-c27b-4738-bb6f-20ff4920b884,16
8923f870-c27b-4738-bb6f-20ff4920b884,20
b99abec1-2b9d-40ad-8745-f59d05ed6349,16
b99abec1-2b9d-40ad-8745-f59d05ed6349,22
b99abec1-2b9d-40ad-8745-f59d05ed6349,54
b99abec1-2b9d-40ad-8745-f59d05ed6349,39
6cc679bc-8386-45fc-a4e7-9bb25369562e,16
59df9e63-b6ee-47cc-bafd-407dfe596560,16
59df9e63-b6ee-47cc-bafd-407dfe596560,3
59df9e63-b6ee-47cc-bafd-407dfe596560,18
59df9e63-b6ee-47cc-bafd-407dfe596560,4
d2e15afd-dc31-41a3-9317-7054f0154198,16
d2e15afd-dc31-41a3-9317-7054f0154198,41
d2e15afd-dc31-41a3-9317-7054f0154198,40
3b283ba5-1257-4f6c-bafd-4f637503a389,16
bccc19e6-5296-4a04-8550-33217e0f1c69,16
bccc19e6-5296-4a04-8550-33217e0f1c69,36
fa4c8445-ead1-4bce-9768-6df17457ec7e,16
fa4c8445-ead1-4bce-9768-6df17457ec7e,22
fa4c8445-ead1-4bce-9768-6df17457ec7e,49
fa4c8445-ead1-4bce-9768-6df17457ec7e,30
ccfdf419-d6a1-4502-8308-6a8cdcaaee44,16
ccfdf419-d6a1-4502-8308-6a8cdcaaee44,22
ccfdf419-d6a1-4502-8308-6a8cdcaaee44,39
65328ac9-0c46-4a00-9b4f-addae479b22b,16
ff515eb3-d273-42b3-8612-b0ae6644049f,16
ff515eb3-d273-42b3-8612-b0ae6644049f,3
162ef637-6dc8-48c4-89b0-37a70f84cc23,16
162ef637-6dc8-48c4-89b0-37a70f84cc23,3
eef8382f-4526-460c-ac72-c4fec46ca823,16
5dca13e9-63a2-4d8d-b987-db25c5a9e66f,16
9a0e8d2b-bb47-4d70-b5f7-7c9cf26c7c96,16
9a0e8d2b-bb47-4d70-b5f7-7c9cf26c7c96,3
201f8eb8-b740-4d6d-af53-c97a5e8c2bbc,16
715a975e-b30d-4173-82e3-113ab33a0746,16
715a975e-b30d-4173-82e3-113ab33a0746,22
f6519fd9-8beb-4607-9a5a-4bd849914948,16
7dfae134-4f0f-47e9-8b8f-b66eb187adb9,16
ec3b190d-da6f-4137-b724-dbe2d0d8386c,16
dc9750ca-8789-4e69-ad2d-360fff355f2c,16
9e0fdb38-4745-45c2-8a8f-b228027c12f3,16
f1231438-f98e-4c4d-b09b-49284a04b6fc,16
f1231438-f98e-4c4d-b09b-49284a04b6fc,3
4667bd37-df58-4358-8f65-77932f254d0b,16
10e604e4-0a4f-440e-aa88-b43038e2ba42,16
746dc6ec-3804-4ff2-ad4f-3bb94ff39719,16
746dc6ec-3804-4ff2-ad4f-3bb94ff39719,34
0d37cb92-5102-4783-a0e1-6aef0e763ab5,16
0d37cb92-5102-4783-a0e1-6aef0e763ab5,3
0d37cb92-5102-4783-a0e1-6aef0e763ab5,18
cb8fa224-2f85-4ccc-81b4-db775c571dc3,16
cb8fa224-2f85-4ccc-81b4-db775c571dc3,22
662142ae-bcbf-4cda-9c1c-d5134952d323,16
662142ae-bcbf-4cda-9c1c-d5134952d323,3
662142ae-bcbf-4cda-9c1c-d5134952d323,22
662142ae-bcbf-4cda-9c1c-d5134952d323,54
3825dfde-f9da-4b9c-b8aa-3080e73124e2,16
387929e5-e264-42bc-bf3c-764cfb66c13c,16
780376d7-0491-4742-8330-45f2c34d9218,16
780376d7-0491-4742-8330-45f2c34d9218,22
780376d7-0491-4742-8330-45f2c34d9218,54
2910deee-b97f-4e61-bc7b-af628be97916,16
71a8acb7-8202-4aed-b594-f019edf44cb0,16
71a8acb7-8202-4aed-b594-f019edf44cb0,22
2cd5a5dc-7314-4c92-b1cf-217493525937,16
2cd5a5dc-7314-4c92-b1cf-217493525937,41
2cd5a5dc-7314-4c92-b1cf-217493525937,24
2cd5a5dc-7314-4c92-b1cf-217493525937,53
2cd5a5dc-7314-4c92-b1cf-217493525937,13
ee3cb11e-784c-4ead-9fcb-df12a2b701f9,16
ee3cb11e-784c-4ead-9fcb-df12a2b701f9,22
bf8aa68a-8faa-4bcf-9cba-83c2202f48cc,16
bf8aa68a-8faa-4bcf-9cba-83c2202f48cc,18
bf8aa68a-8faa-4bcf-9cba-83c2202f48cc,22
bf8aa68a-8faa-4bcf-9cba-83c2202f48cc,30
b15a1f3e-869f-4948-8c08-67de1533de9e,56
31aa0f38-ce4c-42df-a6f5-c291c7f8dda6,16
88a435ef-18cc-4518-82fa-89feb9829752,16
88a435ef-18cc-4518-82fa-89feb9829752,3
3c350838-8561-4245-8f1a-88b39c0ca892,16
3c350838-8561-4245-8f1a-88b39c0ca892,0
ff420d7d-be29-415d-abd8-d344116067bc,16
ff420d7d-be29-415d-abd8-d344116067bc,22
ff420d7d-be29-415d-abd8-d344116067bc,54
bdfb496b-460f-4707-b185-46bbe3590681,16
bdfb496b-460f-4707-b185-46bbe3590681,3
aa2449d8-ecab-498a-a6bb-b44cb3786ee2,16
aa2449d8-ecab-498a-a6bb-b44cb3786ee2,54
aa2449d8-ecab-498a-a6bb-b44cb3786ee2,35
101caa69-1ce6-406d-a64b-0f0d3f3ee0a3,16
101caa69-1ce6-406d-a64b-0f0d3f3ee0a3,0
4e3eb370-46a0-4c3f-838b-d23fbca0f401,16
4e3eb370-46a0-4c3f-838b-d23fbca0f401,3
4e3eb370-46a0-4c3f-838b-d23fbca0f401,18
e965e1ec-6e82-40bf-851a-014e2ac40b4e,16
ca31ab91-67c8-4ad6-bcff-afe5cffc03ea,16
e738d16c-d104-498a-9f3d-9509a3598c6b,16
e738d16c-d104-498a-9f3d-9509a3598c6b,3
5eb3f41a-e2f0-4a75-8f45-06ef358e45c7,16
ae7d0c67-e9d4-41e7-804d-2467ca3c8c62,16
ae7d0c67-e9d4-41e7-804d-2467ca3c8c62,3
40394a76-28ac-45db-8185-331bf51f23a2,16
40394a76-28ac-45db-8185-331bf51f23a2,41
40394a76-28ac-45db-8185-331bf51f23a2,52
9e16b25c-0966-4d72-b6f0-ab06528f301e,16
9e16b25c-0966-4d72-b6f0-ab06528f301e,3
9e16b25c-0966-4d72-b6f0-ab06528f301e,54
1562946c-8bae-4f3f-84a8-05b89a94eec5,16
1562946c-8bae-4f3f-84a8-05b89a94eec5,3
5f009a48-792f-462d-9b19-82d464d0517a,16
5f009a48-792f-462d-9b19-82d464d0517a,3
1633c440-b000-4d34-965c-55db715dfebb,16
1633c440-b000-4d34-965c-55db715dfebb,54
1633c440-b000-4d34-965c-55db715dfebb,35
9def510e-23aa-418c-ac9c-b78cd3a08a65,16
9def510e-23aa-418c-ac9c-b78cd3a08a65,22
9def510e-23aa-418c-ac9c-b78cd3a08a65,49
9def510e-23aa-418c-ac9c-b78cd3a08a65,30
18f75213-d94f-4484-8f40-6c01965b8f6c,16
62e7f2f0-7091-40ec-bef4-825e275cc99a,16
62e7f2f0-7091-40ec-bef4-825e275cc99a,18
e6cfe8b8-0309-47f1-bddc-fe84ff5d1d50,16
e6cfe8b8-0309-47f1-bddc-fe84ff5d1d50,22
e6cfe8b8-0309-47f1-bddc-fe84ff5d1d50,21
3f65e3f9-1e86-43b9-a86e-e9ac56db3707,16
bd26474a-f219-4317-83af-f792dfe07f1e,16
bd26474a-f219-4317-83af-f792dfe07f1e,22
efaa4057-cd1a-40ae-942f-69771b28fd33,16
efaa4057-cd1a-40ae-942f-69771b28fd33,3
4a3ec150-daa0-4b66-a84d-6735906549ec,16
4a3ec150-daa0-4b66-a84d-6735906549ec,22
c9dda5be-051b-4ea2-87e7-3bee21787878,16
c9dda5be-051b-4ea2-87e7-3bee21787878,3
64317854-5187-4479-920d-705b48eb5aec,16
64317854-5187-4479-920d-705b48eb5aec,14
1e3e1030-7f6e-49bc-8ce5-ef4e30b867c3,16
1e3e1030-7f6e-49bc-8ce5-ef4e30b867c3,41
1f2f8b8c-b811-409f-9cfc-a4af5f556acf,16
1f2f8b8c-b811-409f-9cfc-a4af5f556acf,23
572dd2b6-d5f0-414f-83e5-d712ded45294,16
572dd2b6-d5f0-414f-83e5-d712ded45294,3
572dd2b6-d5f0-414f-83e5-d712ded45294,54
5a9f1337-4498-4356-8c9b-44dda1486036,16
5a9f1337-4498-4356-8c9b-44dda1486036,22
5a9f1337-4498-4356-8c9b-44dda1486036,39
0d8e003e-c552-471d-9125-65eb4b8a5459,16
2b5c3409-9926-4be1-8798-c3f150ef2961,16
8cf191f9-6d68-46c3-8c1f-facca62c4153,16
8cf191f9-6d68-46c3-8c1f-facca62c4153,3
9d1b7a37-fcf7-4dcc-aadd-929f8c57e625,16
6a489614-518e-4e7f-9e63-6e4aadde2d8d,16
13983819-d28a-485c-9891-e84a038ec112,16
13983819-d28a-485c-9891-e84a038ec112,18
5791f162-19ca-49be-a1fe-e5bd2e4d4572,16
5791f162-19ca-49be-a1fe-e5bd2e4d4572,18
a5b6b38a-a66d-456b-9ef7-da4237ea4552,16
a5b6b38a-a66d-456b-9ef7-da4237ea4552,22
1373e630-49b2-4279-93eb-a2935444e269,56
5b20d400-1ce5-459b-a97e-64c3d0c23cd7,16
5b20d400-1ce5-459b-a97e-64c3d0c23cd7,3
5b20d400-1ce5-459b-a97e-64c3d0c23cd7,22
5b20d400-1ce5-459b-a97e-64c3d0c23cd7,54
5b20d400-1ce5-459b-a97e-64c3d0c23cd7,39
5b20d400-1ce5-459b-a97e-64c3d0c23cd7,35
5b20d400-1ce5-459b-a97e-64c3d0c23cd7,44
bb4141cc-c6b5-42be-aa83-b7ad54f92574,16
bb4141cc-c6b5-42be-aa83-b7ad54f92574,3
f5970842-bdb9-4e92-b182-6ae95a1b86b2,16
d146aaa1-32d6-4eea-b7d2-7c84ea7a981c,16
8aee7257-46e3-434c-8cf2-50ac69a023b9,16
8aee7257-46e3-434c-8cf2-50ac69a023b9,20
64ef8b11-3df4-43b2-b5d8-06d6ba55eece,16
64ef8b11-3df4-43b2-b5d8-06d6ba55eece,41
5d3ac969-fa92-4d41-84d3-41c26046b41b,16
b442f2c6-19cc-4d1e-9f65-e24c6f7f1f11,16
acdb9a90-7d1d-42c8-a7dd-0cce73a70f7f,16
acdb9a90-7d1d-42c8-a7dd-0cce73a70f7f,48
c41510f0-ceb2-4264-b189-5775babc2bbb,16
c41510f0-ceb2-4264-b189-5775babc2bbb,22
15c638be-75d5-4463-9821-4bd542c0aaf5,16
15c638be-75d5-4463-9821-4bd542c0aaf5,3
15c638be-75d5-4463-9821-4bd542c0aaf5,54
15c638be-75d5-4463-9821-4bd542c0aaf5,36
15c638be-75d5-4463-9821-4bd542c0aaf5,7
90027114-f38a-4e65-af0a-96adaecce35c,16
90027114-f38a-4e65-af0a-96adaecce35c,22
90027114-f38a-4e65-af0a-96adaecce35c,35
293457ac-34ef-4b5d-9c34-90da65868ca8,16
293457ac-34ef-4b5d-9c34-90da65868ca8,46
293457ac-34ef-4b5d-9c34-90da65868ca8,38
f63816d2-090e-49eb-b3bf-63d830399a11,16
f63816d2-090e-49eb-b3bf-63d830399a11,41
eab71616-dc21-48c6-9f0d-2f07f5c42772,16
eab71616-dc21-48c6-9f0d-2f07f5c42772,3
eab71616-dc21-48c6-9f0d-2f07f5c42772,18
a7e085ef-3632-495f-b9ba-cb4b41ae5d52,16
a7e085ef-3632-495f-b9ba-cb4b41ae5d52,22
a7e085ef-3632-495f-b9ba-cb4b41ae5d52,54
a7e085ef-3632-495f-b9ba-cb4b41ae5d52,39
109af5fd-d888-40fb-a75f-90cd49d7a8e3,16
109af5fd-d888-40fb-a75f-90cd49d7a8e3,36
f10e6b7e-290a-4388-b76f-c2d5cd1787e9,16
f10e6b7e-290a-4388-b76f-c2d5cd1787e9,3
b81cdf18-3d93-4412-ac65-d30cd6e10efd,16
b81cdf18-3d93-4412-ac65-d30cd6e10efd,22
b81cdf18-3d93-4412-ac65-d30cd6e10efd,54
2c3c0217-a9ec-4627-95e3-ffe6d1f9e595,16
2c3c0217-a9ec-4627-95e3-ffe6d1f9e595,22
2c3c0217-a9ec-4627-95e3-ffe6d1f9e595,54
2c3c0217-a9ec-4627-95e3-ffe6d1f9e595,39
dad5dd3f-1976-4985-8a16-b57f111c281d,16
dad5dd3f-1976-4985-8a16-b57f111c281d,3
1639b31e-b5c7-4a25-9bfe-167057df98f4,16
1639b31e-b5c7-4a25-9bfe-167057df98f4,3
3c812685-73f7-4660-be60-528300ebe9a4,16
3c812685-73f7-4660-be60-528300ebe9a4,36
4aec39f0-2777-4181-a497-e9d05cd8921a,16
4aec39f0-2777-4181-a497-e9d05cd8921a,41
4aec39f0-2777-4181-a497-e9d05cd8921a,55
dc19d291-6b49-4d4f-bcdc-924d75fb83f2,16
ac3d24d7-e2b8-4a39-b1c7-6d9386014452,16
ac3d24d7-e2b8-4a39-b1c7-6d9386014452,3
ac3d24d7-e2b8-4a39-b1c7-6d9386014452,18
e0f352d2-5b50-4f4c-a8ae-329a6cc70c80,16
e0f352d2-5b50-4f4c-a8ae-329a6cc70c80,3
92d7ceb5-260c-48d2-ad3c-c41ae0611e7c,16
92d7ceb5-260c-48d2-ad3c-c41ae0611e7c,3
92d7ceb5-260c-48d2-ad3c-c41ae0611e7c,18
d93126d3-ede0-4953-bc59-0ccaed8ef429,16
d93126d3-ede0-4953-bc59-0ccaed8ef429,18
d93126d3-ede0-4953-bc59-0ccaed8ef429,40
593c5ab8-c8b2-4075-85fa-a4a8e4556904,16
def63e41-26a7-4f80-a137-2c6a76defef7,16
def63e41-26a7-4f80-a137-2c6a76defef7,41
def63e41-26a7-4f80-a137-2c6a76defef7,53
def63e41-26a7-4f80-a137-2c6a76defef7,40
26178a18-4cbc-4168-b5e6-d8d26e926b25,16
1e2e632a-08c4-41ad-9fd5-900d9d16df7a,16
1e2e632a-08c4-41ad-9fd5-900d9d16df7a,3
140b0f0e-618c-461f-8e69-87093dd8367d,16
140b0f0e-618c-461f-8e69-87093dd8367d,3
8b1e1857-5fab-431d-a639-2fd5adec1704,16
8b1e1857-5fab-431d-a639-2fd5adec1704,22
19eb272a-d015-446a-b1d5-fa0f7419e0e4,16
19eb272a-d015-446a-b1d5-fa0f7419e0e4,22
f6e06ec1-5e20-4960-a741-c78184071ece,16
f6e06ec1-5e20-4960-a741-c78184071ece,18
f6e06ec1-5e20-4960-a741-c78184071ece,46
f6e06ec1-5e20-4960-a741-c78184071ece,38
e483fe14-4933-426d-af7b-6a08fbabab3f,16
e483fe14-4933-426d-af7b-6a08fbabab3f,41
e483fe14-4933-426d-af7b-6a08fbabab3f,52
fa9570dc-4b95-45c1-a097-d3fd5a0ec11d,16
fa9570dc-4b95-45c1-a097-d3fd5a0ec11d,3
72b7e4a9-2abc-431a-bca7-40fe81cdc276,16
72b7e4a9-2abc-431a-bca7-40fe81cdc276,22
72b7e4a9-2abc-431a-bca7-40fe81cdc276,54
2e460a53-ddf4-4da5-8ba4-663568bcba08,16
8cd4dfb5-109e-41bb-ba93-481878962d6b,16
8cd4dfb5-109e-41bb-ba93-481878962d6b,20
4c79ad41-d78c-45fd-93c4-b36ec7f9964b,16
4c79ad41-d78c-45fd-93c4-b36ec7f9964b,22
4c79ad41-d78c-45fd-93c4-b36ec7f9964b,54
4c79ad41-d78c-45fd-93c4-b36ec7f9964b,39
f3829642-6262-4671-807c-88908fbca220,16
f3829642-6262-4671-807c-88908fbca220,41
a3f3bd86-4b11-4bfa-9588-54074eabf17b,16
a3f3bd86-4b11-4bfa-9588-54074eabf17b,22
a3f3bd86-4b11-4bfa-9588-54074eabf17b,54
c9e3bcfd-45e6-4fec-85c2-3692013f2d85,16
c9e3bcfd-45e6-4fec-85c2-3692013f2d85,3
c9e3bcfd-45e6-4fec-85c2-3692013f2d85,22
c9e3bcfd-45e6-4fec-85c2-3692013f2d85,54
28dbd77f-5b9f-4bc1-8aa8-0e3a1f4e06d0,16
3f366382-a360-48a3-94a9-2e9dba498dfe,16
3f366382-a360-48a3-94a9-2e9dba498dfe,3
98d5cba3-4737-42f5-a81b-d7df7130c6fc,16
98d5cba3-4737-42f5-a81b-d7df7130c6fc,22
98d5cba3-4737-42f5-a81b-d7df7130c6fc,21
8c7bc48e-6992-409e-adb9-2811fffa16c4,56
aaf9a7ee-fe04-4907-b236-0aea83a4abb5,16
b0072766-c892-47fe-a465-307a05a05f94,16
b0072766-c892-47fe-a465-307a05a05f94,41
b0072766-c892-47fe-a465-307a05a05f94,55
8db8beca-fdb5-4c75-aa9a-4fea21773621,16
8db8beca-fdb5-4c75-aa9a-4fea21773621,41
8db8beca-fdb5-4c75-aa9a-4fea21773621,42
78b20b63-627d-4fff-942e-056682b017b5,16
1c9d0240-687b-4dd1-89fb-6b7fdd783c66,16
1c9d0240-687b-4dd1-89fb-6b7fdd783c66,22
1c9d0240-687b-4dd1-89fb-6b7fdd783c66,39
f800fbc4-ce14-4c67-8c6a-52079c86e381,16
f800fbc4-ce14-4c67-8c6a-52079c86e381,3
78d24669-2775-4bef-9aef-ce704487bfc0,3
ecdc04e5-3fd0-4ed7-9247-3128ed652eba,16
87797286-c4bc-4d98-ac0a-4af0f6291a3d,16
87797286-c4bc-4d98-ac0a-4af0f6291a3d,3
87797286-c4bc-4d98-ac0a-4af0f6291a3d,18
dac9f295-1a35-4bf1-86f1-884513307a6d,16
dac9f295-1a35-4bf1-86f1-884513307a6d,3
bed1a294-a57b-476e-9e5a-5eca379dcaca,16
bed1a294-a57b-476e-9e5a-5eca379dcaca,22
bed1a294-a57b-476e-9e5a-5eca379dcaca,54
fb43ff7e-18c6-41d1-9dae-c61540afd38e,16
fb43ff7e-18c6-41d1-9dae-c61540afd38e,22
5b7384d0-64d6-4ed3-9559-dd3b474854b5,16
5b7384d0-64d6-4ed3-9559-dd3b474854b5,22
d768bb27-3ece-44aa-b114-889208bf62c8,16
d768bb27-3ece-44aa-b114-889208bf62c8,3
ff21218f-f3f0-4db2-8d02-9d1b65b0cd56,16
ff21218f-f3f0-4db2-8d02-9d1b65b0cd56,3
ddf100df-acca-48ef-8841-599d8c3a0ad4,16
ddf100df-acca-48ef-8841-599d8c3a0ad4,3
ddf100df-acca-48ef-8841-599d8c3a0ad4,18
c3b98fe3-b608-4417-920d-7c5e2da69eb4,16
c3b98fe3-b608-4417-920d-7c5e2da69eb4,22
c3b98fe3-b608-4417-920d-7c5e2da69eb4,39
86921499-d3e1-4a8f-98ee-ff74e3c64021,16
86921499-d3e1-4a8f-98ee-ff74e3c64021,22
8af0360a-4847-4ac0-b965-12ea553d60da,16
8af0360a-4847-4ac0-b965-12ea553d60da,22
bd9edc53-aaca-4696-82ec-8e42db1c3fa7,16
bd9edc53-aaca-4696-82ec-8e42db1c3fa7,22
afdd2ec4-2ff9-43ab-8370-a15445bfb9ef,16
afdd2ec4-2ff9-43ab-8370-a15445bfb9ef,3
9dbba7b6-d11a-45fa-923b-94029d29095c,16
9dbba7b6-d11a-45fa-923b-94029d29095c,22
9dbba7b6-d11a-45fa-923b-94029d29095c,21
ee6c159e-7130-4dd7-b090-d8d784c41091,16
a5921c9f-7b88-48af-86f7-b5d2b1899195,16
766b6b48-ec1f-4a9a-9bd1-9c8c0ad3caf4,16
766b6b48-ec1f-4a9a-9bd1-9c8c0ad3caf4,22
766b6b48-ec1f-4a9a-9bd1-9c8c0ad3caf4,54
766b6b48-ec1f-4a9a-9bd1-9c8c0ad3caf4,39
244ea46a-c8fd-4b09-b6b7-427c691393a6,16
244ea46a-c8fd-4b09-b6b7-427c691393a6,22
244ea46a-c8fd-4b09-b6b7-427c691393a6,54
ed2df834-0e18-4a42-9873-acfc8b8e3245,16
ed2df834-0e18-4a42-9873-acfc8b8e3245,22
b13a612f-8ba1-47cf-8eb2-489bfaeaa2cf,16
43699db7-deb2-44fc-95ae-09b62d1523d6,16
51779286-5495-4252-b721-826acc8dd5b1,16
51779286-5495-4252-b721-826acc8dd5b1,22
51779286-5495-4252-b721-826acc8dd5b1,54
efe394f3-a207-4126-b6cf-77801c0f78d1,16
efe394f3-a207-4126-b6cf-77801c0f78d1,3
15dc54d7-b96f-4ab0-bdef-968645228a87,16
4ca11738-4a26-4ccf-ba18-913cc80e0131,16
4ca11738-4a26-4ccf-ba18-913cc80e0131,3
4ca11738-4a26-4ccf-ba18-913cc80e0131,18
d21bb35c-a98f-42ad-af7a-b64cda28c04c,16
8893bca9-b3ea-47e2-9710-52ad235fd5d7,16
7a2a2dce-4d32-4ec0-81b8-cfc28b10c009,16
7a2a2dce-4d32-4ec0-81b8-cfc28b10c009,3
7a2a2dce-4d32-4ec0-81b8-cfc28b10c009,18
5e0d483b-4929-4f8d-9355-0faa10abc5c8,16
5e0d483b-4929-4f8d-9355-0faa10abc5c8,54
936aa4cf-8fcc-422e-a637-3c9e1667fb01,16
936aa4cf-8fcc-422e-a637-3c9e1667fb01,3
f9e7a222-fc79-4524-84a2-2f66bf204a62,16
f9e7a222-fc79-4524-84a2-2f66bf204a62,47
f9e7a222-fc79-4524-84a2-2f66bf204a62,14
f9e7a222-fc79-4524-84a2-2f66bf204a62,33
f9e7a222-fc79-4524-84a2-2f66bf204a62,17
4abd382b-fd77-4207-a75f-8e00af8f9155,16
4abd382b-fd77-4207-a75f-8e00af8f9155,54
05936842-53e0-41d3-8d28-826121b4a6cf,16
05936842-53e0-41d3-8d28-826121b4a6cf,3
2e19fc3a-0c0e-46fb-824d-a2f06a2256c4,16
2e19fc3a-0c0e-46fb-824d-a2f06a2256c4,46
2e19fc3a-0c0e-46fb-824d-a2f06a2256c4,23
2e19fc3a-0c0e-46fb-824d-a2f06a2256c4,40
5ae07b44-aa18-4bf2-b599-a64fe87b4ce8,16
12d31f30-b7aa-4601-9a4d-fcd3171ef32f,16
12d31f30-b7aa-4601-9a4d-fcd3171ef32f,3
4073e136-6a0f-4e97-bddb-e0ecd6de4037,16
4073e136-6a0f-4e97-bddb-e0ecd6de4037,3
a56c9c31-ab9e-4b6c-af83-6af9e4adaa8b,16
17265a34-5725-4bc3-a4c1-3161c7f1cb51,16
17265a34-5725-4bc3-a4c1-3161c7f1cb51,54
17265a34-5725-4bc3-a4c1-3161c7f1cb51,39
32cfac9e-a503-472b-817e-4a8f8795dd7d,16
32cfac9e-a503-472b-817e-4a8f8795dd7d,3
728852b7-c171-41c2-ac89-31f3b32850bb,16
728852b7-c171-41c2-ac89-31f3b32850bb,3
728852b7-c171-41c2-ac89-31f3b32850bb,18
6ebf49ac-4a33-4d56-9d45-4f90842d17a6,16
6ebf49ac-4a33-4d56-9d45-4f90842d17a6,3
3162c742-2007-4d28-8785-9fcec9eeb4a8,16
078f21f1-3768-4a6b-8346-76f12e72e485,16
078f21f1-3768-4a6b-8346-76f12e72e485,3
078f21f1-3768-4a6b-8346-76f12e72e485,18
d4893fc7-2006-4b3b-96fc-23fa6248e442,16
d4893fc7-2006-4b3b-96fc-23fa6248e442,3
d4893fc7-2006-4b3b-96fc-23fa6248e442,18
8756352f-e2d9-4417-a6b2-4d90909939df,16
84500e17-101e-4a77-8d7f-52f1d27927a2,16
84500e17-101e-4a77-8d7f-52f1d27927a2,22
84500e17-101e-4a77-8d7f-52f1d27927a2,54
5a31e31f-6ca7-4daa-a134-b08a0b458881,16
b0ffee6e-ae2a-4780-87f2-892925efb566,16
b0ffee6e-ae2a-4780-87f2-892925efb566,18
b0ffee6e-ae2a-4780-87f2-892925efb566,41
0e1171c3-e686-4dd4-b1f5-86aa494bdf9e,16
0e1171c3-e686-4dd4-b1f5-86aa494bdf9e,3
c521ec83-f2df-4894-92c2-c9cccd880bbe,16
c521ec83-f2df-4894-92c2-c9cccd880bbe,3
56b1927a-1923-43f9-b433-7deeedbf4344,16
56b1927a-1923-43f9-b433-7deeedbf4344,3
0313a70d-a2ba-4b9b-850b-afe4e48d5e49,16
0313a70d-a2ba-4b9b-850b-afe4e48d5e49,3
0313a70d-a2ba-4b9b-850b-afe4e48d5e49,18
1783bb20-ef1d-48da-a911-f601724a5328,16
1783bb20-ef1d-48da-a911-f601724a5328,22
1783bb20-ef1d-48da-a911-f601724a5328,54
a390db5b-7911-4d1b-8119-5e4392b5cb67,16
a390db5b-7911-4d1b-8119-5e4392b5cb67,41
a390db5b-7911-4d1b-8119-5e4392b5cb67,55
a390db5b-7911-4d1b-8119-5e4392b5cb67,52
c4400c8b-b2f0-4049-beaf-da4736409007,16
4cbb1c32-0b9f-4db7-bbd7-bb841057eea0,16
4cbb1c32-0b9f-4db7-bbd7-bb841057eea0,3
d9c86e69-ab18-4faf-9c88-ccec13e79579,16
ff8f2abe-5366-4ae2-9a05-01e5cc39add2,16
336665fa-3a18-4043-a9ea-2080928f10e6,16
325aba0e-eade-47df-b1d4-9f86621b3374,16
325aba0e-eade-47df-b1d4-9f86621b3374,22
325aba0e-eade-47df-b1d4-9f86621b3374,54
a51187b0-eceb-45b4-a2bf-6901ff34d5b7,16
a51187b0-eceb-45b4-a2bf-6901ff34d5b7,22
a996e08d-2a5d-4ac3-8c57-3d7992132952,16
a996e08d-2a5d-4ac3-8c57-3d7992132952,3
a996e08d-2a5d-4ac3-8c57-3d7992132952,18
5421f199-716d-4996-b258-e6df403bdf89,16
5421f199-716d-4996-b258-e6df403bdf89,3
5421f199-716d-4996-b258-e6df403bdf89,41
67f02f5e-19cc-4055-ad99-2b3b4362456a,16
67f02f5e-19cc-4055-ad99-2b3b4362456a,48
67f02f5e-19cc-4055-ad99-2b3b4362456a,31
20fb4461-4382-48ca-a156-5a4eb8569c79,16
20fb4461-4382-48ca-a156-5a4eb8569c79,3
20fb4461-4382-48ca-a156-5a4eb8569c79,18
bc41e512-a486-4fb0-8bb5-b3eedfeccd13,16
bc41e512-a486-4fb0-8bb5-b3eedfeccd13,22
7782d796-cc5f-45b6-94fe-c1335fcb0921,16
7aa6e5fa-d382-4b44-94c1-cd245e5c6231,16
7aa6e5fa-d382-4b44-94c1-cd245e5c6231,41
7aa6e5fa-d382-4b44-94c1-cd245e5c6231,28
7736e009-473d-483c-b8c8-a601aabffe3e,16
7736e009-473d-483c-b8c8-a601aabffe3e,3
7736e009-473d-483c-b8c8-a601aabffe3e,22
7736e009-473d-483c-b8c8-a601aabffe3e,54
7736e009-473d-483c-b8c8-a601aabffe3e,48
8e9e7125-2e5e-435d-8847-9b896580c3cd,16
c2159574-5e62-4735-8cba-832d56b78965,16
c2159574-5e62-4735-8cba-832d56b78965,41
c2159574-5e62-4735-8cba-832d56b78965,53
46410ae0-00eb-4fcb-9c08-72e6b4c31f1e,16
46410ae0-00eb-4fcb-9c08-72e6b4c31f1e,22
46410ae0-00eb-4fcb-9c08-72e6b4c31f1e,9
007e0525-3ef6-482e-84f0-d2d20bc08268,16
007e0525-3ef6-482e-84f0-d2d20bc08268,3
0599b118-3310-4495-82c8-8a322d0f3aa1,16
0599b118-3310-4495-82c8-8a322d0f3aa1,3
ca55b7d9-e686-40bd-ae75-e0e80d02bad8,16
ca55b7d9-e686-40bd-ae75-e0e80d02bad8,54
f8c5529f-dd24-49ee-bb26-d9cc557fbc79,16
f8c5529f-dd24-49ee-bb26-d9cc557fbc79,3
b87babb8-23d7-4aa4-bb43-fbd00f7159b9,16
b87babb8-23d7-4aa4-bb43-fbd00f7159b9,18
b87babb8-23d7-4aa4-bb43-fbd00f7159b9,41
519fc175-663e-447d-818c-ac667ac439be,16
519fc175-663e-447d-818c-ac667ac439be,22
519fc175-663e-447d-818c-ac667ac439be,54
36c0900d-5f80-4d40-bb8b-446338347702,16
36c0900d-5f80-4d40-bb8b-446338347702,22
36c0900d-5f80-4d40-bb8b-446338347702,54
838b6378-20e4-45e2-951c-4045c94ad9f3,16
838b6378-20e4-45e2-951c-4045c94ad9f3,3
838b6378-20e4-45e2-951c-4045c94ad9f3,18
838b6378-20e4-45e2-951c-4045c94ad9f3,41
838b6378-20e4-45e2-951c-4045c94ad9f3,22
838b6378-20e4-45e2-951c-4045c94ad9f3,54
838b6378-20e4-45e2-951c-4045c94ad9f3,36
16367ea5-a8d7-4baf-bdb8-c29aa54fea7a,16
59105f2f-93ed-49bd-8127-5fcff1251041,16
59105f2f-93ed-49bd-8127-5fcff1251041,3
46763cd3-5d3a-4625-b647-6409496d6cb0,16
46763cd3-5d3a-4625-b647-6409496d6cb0,54
1d76ea68-3d3a-4944-9259-b1b487e2085d,16
1d76ea68-3d3a-4944-9259-b1b487e2085d,3
757a7751-a293-46d2-964d-fd3f06d7c272,16
757a7751-a293-46d2-964d-fd3f06d7c272,3
757a7751-a293-46d2-964d-fd3f06d7c272,36
757a7751-a293-46d2-964d-fd3f06d7c272,47
15c67bd7-1b2e-4461-a2c4-ce0cc7f8195f,16
15c67bd7-1b2e-4461-a2c4-ce0cc7f8195f,19
e339f806-915d-467b-8fbe-612f73193bcb,16
ad14ed41-a257-4d7d-a3dc-acb64f89119a,16
ad14ed41-a257-4d7d-a3dc-acb64f89119a,3
ad14ed41-a257-4d7d-a3dc-acb64f89119a,18
ba1b237f-25e0-482a-b5c9-4326a4c90a8c,16
ba1b237f-25e0-482a-b5c9-4326a4c90a8c,3
ba1b237f-25e0-482a-b5c9-4326a4c90a8c,18
a9a8c296-7556-47b6-a1af-918d6c495658,16
a9a8c296-7556-47b6-a1af-918d6c495658,22
bef42f10-f7ae-465b-b3de-20e8731cb9f2,16
bef42f10-f7ae-465b-b3de-20e8731cb9f2,22
2f8da687-d699-4520-9c16-0a83cab98f53,16
2f8da687-d699-4520-9c16-0a83cab98f53,3
3616c8f6-2a41-4e69-ab5f-1d8bb8e59532,16
3616c8f6-2a41-4e69-ab5f-1d8bb8e59532,48
c05f8a1e-3850-4ee3-87f9-2eeefae676a4,16
ed420e20-4aff-4a08-bb5d-6e892602c8d6,16
ed420e20-4aff-4a08-bb5d-6e892602c8d6,3
d98bca49-e138-48ab-b6bc-cb2335da7844,16
d98bca49-e138-48ab-b6bc-cb2335da7844,41
d98bca49-e138-48ab-b6bc-cb2335da7844,53
2ffd79de-6e9a-4edd-a331-c3a35a385f00,16
92806217-d684-4f1c-a447-450a33b5d35c,16
92806217-d684-4f1c-a447-450a33b5d35c,54
69d4aa22-45e9-4bd7-a355-5d1e71873405,16
69d4aa22-45e9-4bd7-a355-5d1e71873405,3
587735ac-d0ed-48de-b0df-92f3b260a6d3,16
59ac5aca-20e0-4192-ac23-d124ba051f2d,16
59ac5aca-20e0-4192-ac23-d124ba051f2d,3
59ac5aca-20e0-4192-ac23-d124ba051f2d,18
8ecfea34-3dbf-4dd1-8342-3d940cfaf009,16
8ce79dcd-5f68-4523-9994-37f60f67eba0,56
2f4a21bf-af3c-4611-a6d1-dba876d47830,16
2f4a21bf-af3c-4611-a6d1-dba876d47830,22
2f4a21bf-af3c-4611-a6d1-dba876d47830,54
81fccd05-4bc3-4d5a-bd42-9a1b5f3d6b8c,16
a981d67a-b248-4f21-bdeb-ff60327f68c3,16
a981d67a-b248-4f21-bdeb-ff60327f68c3,3
96f72700-df4c-43f6-8a95-056148eebed6,16
91f12cfe-e837-4a03-b4aa-a2b27c845909,16
91f12cfe-e837-4a03-b4aa-a2b27c845909,3
91f12cfe-e837-4a03-b4aa-a2b27c845909,18
53a83312-b094-4d45-8caa-48f5cb06ce51,16
53a83312-b094-4d45-8caa-48f5cb06ce51,22
112a3563-3356-4457-ae44-8b09e1c17679,16
112a3563-3356-4457-ae44-8b09e1c17679,22
22f84d38-2b85-4442-b1e3-df2f8a94854f,16
22f84d38-2b85-4442-b1e3-df2f8a94854f,3
22f84d38-2b85-4442-b1e3-df2f8a94854f,52
a18f2cc9-a86c-418b-b268-de880f766201,16
322b0d73-04ac-460b-80c9-c7aa0df5b31d,16
322b0d73-04ac-460b-80c9-c7aa0df5b31d,22
322b0d73-04ac-460b-80c9-c7aa0df5b31d,9
4d0cc05f-4087-43f3-92db-31406901172c,16
90d4c3fe-8dff-4fed-b8af-9bb6d127fef8,16
90d4c3fe-8dff-4fed-b8af-9bb6d127fef8,22
90d4c3fe-8dff-4fed-b8af-9bb6d127fef8,54
512ffeb7-0b37-4920-9096-3c61fa98f2fc,16
512ffeb7-0b37-4920-9096-3c61fa98f2fc,3
f553d580-df76-40db-9646-80c0365650db,16
f553d580-df76-40db-9646-80c0365650db,3
1cf4b849-9183-4c0e-acfa-56c1a6098198,16
1cf4b849-9183-4c0e-acfa-56c1a6098198,3
1cf4b849-9183-4c0e-acfa-56c1a6098198,18
f50fcc85-9c47-4fc2-950e-31cba0c984fc,16
2b9f7814-68a0-4cfd-8a96-5208b92d20cb,16
2b9f7814-68a0-4cfd-8a96-5208b92d20cb,3
9826603f-259a-4490-8c99-1c569f98bcee,16
9826603f-259a-4490-8c99-1c569f98bcee,3
8a95a5a5-e0c0-4f1b-87e7-580ef783e74d,16
8a95a5a5-e0c0-4f1b-87e7-580ef783e74d,41
8a95a5a5-e0c0-4f1b-87e7-580ef783e74d,8
a090b023-b843-4e7a-9104-d92a83e4faa7,56
d09e269e-ad5e-470a-9348-64d0b298dbff,16
61a7047d-e3a3-4e54-9d1a-fbbcdbe6d89e,16
61a7047d-e3a3-4e54-9d1a-fbbcdbe6d89e,54
d8c3dcc0-dd81-4408-a3c0-8becdb8c7d6d,16
d8c3dcc0-dd81-4408-a3c0-8becdb8c7d6d,41
d8c3dcc0-dd81-4408-a3c0-8becdb8c7d6d,40
cbfbc213-cc15-4ada-923f-bfe6c45a2d16,16
cbfbc213-cc15-4ada-923f-bfe6c45a2d16,22
cbfbc213-cc15-4ada-923f-bfe6c45a2d16,21
83f665e4-9c28-4566-8c5b-30d173403ebc,16
32eba48f-1b2c-4763-b356-258d24836f8a,16
32eba48f-1b2c-4763-b356-258d24836f8a,3
32eba48f-1b2c-4763-b356-258d24836f8a,18
de354d92-8c17-4501-b2cb-305404c69c0b,16
de354d92-8c17-4501-b2cb-305404c69c0b,0
6472d724-37b0-47f0-bde9-fcb4a658c2b4,16
6472d724-37b0-47f0-bde9-fcb4a658c2b4,3
6472d724-37b0-47f0-bde9-fcb4a658c2b4,54
d5296e66-1da8-4f5f-82c9-801bd7fde22c,16
43525cc7-f541-49cc-b046-5e94c26442b1,16
6623e179-cf68-41e6-9ac0-abf2da9412ea,16
6623e179-cf68-41e6-9ac0-abf2da9412ea,3
6623e179-cf68-41e6-9ac0-abf2da9412ea,18
b5eedde2-d658-410e-abd7-bb7ba33e4686,16
b5eedde2-d658-410e-abd7-bb7ba33e4686,20
6d5a8c03-7676-4b40-a761-007f7efe6c35,56
b1614d13-68f1-42c5-8fd8-839796310ad5,16
b1614d13-68f1-42c5-8fd8-839796310ad5,54
fba065cd-e96d-4860-b0ea-21155164b22f,56
40b8d3b5-a025-4f2d-bb05-a3c2d3267bb4,16
40b8d3b5-a025-4f2d-bb05-a3c2d3267bb4,3
27ee403e-41eb-44f5-ac19-54c4a771aefe,16
3e90ddc0-a662-43a2-a30d-585fa26cf358,16
3e90ddc0-a662-43a2-a30d-585fa26cf358,3
2da31528-3555-4064-a1df-9523d99bba51,16
2da31528-3555-4064-a1df-9523d99bba51,12
00a9ab57-38a5-4a77-8635-86775e60ce32,16
00a9ab57-38a5-4a77-8635-86775e60ce32,23
c04e0bc8-7863-48ea-99b1-b0bb1226836c,16
c04e0bc8-7863-48ea-99b1-b0bb1226836c,22
78d67f31-f834-4027-8404-ba4c03b449ca,16
78d67f31-f834-4027-8404-ba4c03b449ca,22
78d67f31-f834-4027-8404-ba4c03b449ca,54
067b4c89-4a41-4c18-a8f1-f4712ff4ec91,16
e6c2428b-a0d9-4047-a72e-425f3271c3f2,16
a20774ad-040a-4d2f-ab9b-09dbfe71a147,16
a20774ad-040a-4d2f-ab9b-09dbfe71a147,3
206473e1-7efe-4a3e-800b-d53b50ac2d08,16
31e9d0b0-f12b-4ebb-ab71-3b1e91a07754,16
31e9d0b0-f12b-4ebb-ab71-3b1e91a07754,3
31e9d0b0-f12b-4ebb-ab71-3b1e91a07754,18
06278bd7-c831-408e-9075-6bf49d873660,16
06278bd7-c831-408e-9075-6bf49d873660,3
06278bd7-c831-408e-9075-6bf49d873660,22
06278bd7-c831-408e-9075-6bf49d873660,54
06278bd7-c831-408e-9075-6bf49d873660,39
f70f9ecc-9feb-47ac-af09-ab8a1aeed737,16
f70f9ecc-9feb-47ac-af09-ab8a1aeed737,48
47a1d6e9-9822-4d94-a466-9be68534b277,16
47a1d6e9-9822-4d94-a466-9be68534b277,3
2bd6dd7d-b58a-492e-87cb-19b361c7eac2,16
2bd6dd7d-b58a-492e-87cb-19b361c7eac2,22
51779e30-e679-4f12-bd28-12a8a6a63fd6,16
51779e30-e679-4f12-bd28-12a8a6a63fd6,22
51779e30-e679-4f12-bd28-12a8a6a63fd6,54
80b007a8-e3b2-4548-9269-efd4cdcb2b62,16
80b007a8-e3b2-4548-9269-efd4cdcb2b62,3
9c97eeef-aec5-4011-b9f2-5313b9c304be,56
3c98ee85-4605-45fb-b43c-275d564d2824,16
3c98ee85-4605-45fb-b43c-275d564d2824,3
3c98ee85-4605-45fb-b43c-275d564d2824,22
eefe5649-0c49-486c-89c6-e36363a9b859,16
eefe5649-0c49-486c-89c6-e36363a9b859,22
eefe5649-0c49-486c-89c6-e36363a9b859,54
3fa628ae-f546-4bab-a8e2-0235e8778740,16
3fa628ae-f546-4bab-a8e2-0235e8778740,8
598d6b01-c357-45d8-9ae3-6dea6345087a,16
598d6b01-c357-45d8-9ae3-6dea6345087a,48
173c79b3-6f10-44fb-9b30-a722282b8df8,16
173c79b3-6f10-44fb-9b30-a722282b8df8,22
173c79b3-6f10-44fb-9b30-a722282b8df8,54
173c79b3-6f10-44fb-9b30-a722282b8df8,39
4e8ab5c3-54a9-4f11-b144-8b68c69ad72d,16
66a68b32-468a-4ee0-9316-d353b77f1d6d,16
352f6576-4901-4440-8706-44375a737a5f,16
352f6576-4901-4440-8706-44375a737a5f,3
352f6576-4901-4440-8706-44375a737a5f,41
800312d8-df68-486e-90a5-a2d4cf982b4f,16
c6c01038-f3d8-4a2d-9d9a-1d4f9b4e3c4e,16
f02462bf-656b-4a4d-bc43-59e6e399dc2b,16
f02462bf-656b-4a4d-bc43-59e6e399dc2b,3
1e337564-4a97-4f7f-bc27-06d5d9178ff1,16
1e337564-4a97-4f7f-bc27-06d5d9178ff1,29
d32e0c43-b4b2-4217-b5e9-cf5e43728db2,16
d32e0c43-b4b2-4217-b5e9-cf5e43728db2,46
e12ce00b-68ea-46c6-80bb-55e35fb862f3,16
e12ce00b-68ea-46c6-80bb-55e35fb862f3,46
07a351a6-62c4-4db3-8fbf-87919ef8573b,16
07a351a6-62c4-4db3-8fbf-87919ef8573b,3
9cd74a49-203a-42f9-b554-8cb99e3d2e75,16
9cd74a49-203a-42f9-b554-8cb99e3d2e75,22
ff414b68-4286-4cf0-a295-568388225c24,16
ff414b68-4286-4cf0-a295-568388225c24,54
42ab8f3e-84cb-4858-ab0c-835027cf2e52,16
42ab8f3e-84cb-4858-ab0c-835027cf2e52,3
dc318623-ce50-43b5-8755-3b72c0aa6fe0,16
dc318623-ce50-43b5-8755-3b72c0aa6fe0,3
5e1e41aa-1c64-45bb-b68f-bbe9d01b8112,16
5e1e41aa-1c64-45bb-b68f-bbe9d01b8112,3
75b7afca-7f74-4c93-a605-40756e6ae5bb,16
75b7afca-7f74-4c93-a605-40756e6ae5bb,36
5bbe774c-3aeb-4e30-b3c7-19aff7a5dc81,16
5bbe774c-3aeb-4e30-b3c7-19aff7a5dc81,3
5bbe774c-3aeb-4e30-b3c7-19aff7a5dc81,18
a13e9249-ae27-4f62-b24d-67230515f66b,16
a13e9249-ae27-4f62-b24d-67230515f66b,3
a13e9249-ae27-4f62-b24d-67230515f66b,47
d7adc1f7-7dd8-4f53-b6de-d5e252820c8a,16
951c42d3-90de-4dd1-9412-b6b1656750b7,16
951c42d3-90de-4dd1-9412-b6b1656750b7,22
951c42d3-90de-4dd1-9412-b6b1656750b7,54
951c42d3-90de-4dd1-9412-b6b1656750b7,21
7eb0a0a1-7811-400e-bbbc-3a4946fb0632,56
f1359f29-e6dc-4d61-8d1d-6905a39f6a54,16
f1359f29-e6dc-4d61-8d1d-6905a39f6a54,3
f1359f29-e6dc-4d61-8d1d-6905a39f6a54,41
d0447e01-f6ca-4c47-a587-3d176359f439,16
d0447e01-f6ca-4c47-a587-3d176359f439,3
f900be5c-dc86-4cab-b833-c569ce4f53f3,16
f900be5c-dc86-4cab-b833-c569ce4f53f3,54
102d9367-8cda-4dcc-832c-851322a44a07,56
f8c74aec-96df-422a-9b79-7792c8a96826,16
f8c74aec-96df-422a-9b79-7792c8a96826,3
f8c74aec-96df-422a-9b79-7792c8a96826,49
f8c74aec-96df-422a-9b79-7792c8a96826,6
f8c74aec-96df-422a-9b79-7792c8a96826,45
84a3bb26-8126-48ca-9532-44c561e9279e,16
84a3bb26-8126-48ca-9532-44c561e9279e,18
84a3bb26-8126-48ca-9532-44c561e9279e,19
84a3bb26-8126-48ca-9532-44c561e9279e,47
84a3bb26-8126-48ca-9532-44c561e9279e,33
ffbfe1d4-f8e7-4ac3-a43c-23c91cbad67a,16
ffbfe1d4-f8e7-4ac3-a43c-23c91cbad67a,22
ffbfe1d4-f8e7-4ac3-a43c-23c91cbad67a,54
1239dec6-6b0f-4c03-a5f7-af7b0d482f30,16
1239dec6-6b0f-4c03-a5f7-af7b0d482f30,41
43c48c57-e8e4-4495-978e-94aa675a7ef1,16
43c48c57-e8e4-4495-978e-94aa675a7ef1,22
43c48c57-e8e4-4495-978e-94aa675a7ef1,54
d18c372e-5007-4413-8968-34a72a0a569d,16
d18c372e-5007-4413-8968-34a72a0a569d,22
d18c372e-5007-4413-8968-34a72a0a569d,54
d18c372e-5007-4413-8968-34a72a0a569d,39
cd4312aa-e350-4e54-abf3-a629c64bf43f,16
cd4312aa-e350-4e54-abf3-a629c64bf43f,3
cd4312aa-e350-4e54-abf3-a629c64bf43f,18
e420b860-3e4e-4527-a6da-f4e2af483dd5,16
e420b860-3e4e-4527-a6da-f4e2af483dd5,3
0afc66cc-5a7b-48d5-9f29-c7398414112d,16
0afc66cc-5a7b-48d5-9f29-c7398414112d,31
26289317-e3d2-4a43-af18-b9bf3d6fe86a,16
26289317-e3d2-4a43-af18-b9bf3d6fe86a,22
26289317-e3d2-4a43-af18-b9bf3d6fe86a,54
bd670b69-1980-49e9-9948-3c854b7650f5,16
bd670b69-1980-49e9-9948-3c854b7650f5,3
91046b98-576c-4a3f-941b-7673db4d3109,16
f27518c2-1896-4f1a-ad6c-4615eab4c8af,56
913da568-9539-4372-971e-2f19dbc93bc6,16
913da568-9539-4372-971e-2f19dbc93bc6,22
b290dd7a-31f7-475a-87a9-7edce084fc4f,16
b290dd7a-31f7-475a-87a9-7edce084fc4f,3
a629007a-e959-43ae-80d5-cd5e245c0a91,16
a629007a-e959-43ae-80d5-cd5e245c0a91,3
a629007a-e959-43ae-80d5-cd5e245c0a91,22
a629007a-e959-43ae-80d5-cd5e245c0a91,54
1504b0b9-2ee2-46d6-b1ef-dec87a168fa7,56
a59acff4-7b83-426e-9219-051e5ded4a02,16
a59acff4-7b83-426e-9219-051e5ded4a02,3
fcce5b3a-135a-4bb6-8b71-ca7c2b3241ca,16
fcce5b3a-135a-4bb6-8b71-ca7c2b3241ca,22
fcce5b3a-135a-4bb6-8b71-ca7c2b3241ca,54
1ece004b-65ab-4014-8558-674dc737c048,16
1ece004b-65ab-4014-8558-674dc737c048,22
1ece004b-65ab-4014-8558-674dc737c048,25
0fd00394-76de-4a12-8e7a-12582421a8b3,16
0fd00394-76de-4a12-8e7a-12582421a8b3,54
be216719-b47d-4ca8-a12f-e6034043c90d,16
be216719-b47d-4ca8-a12f-e6034043c90d,22
c8d7ef7d-6181-401c-b2ed-b0c2266d774b,16
c8d7ef7d-6181-401c-b2ed-b0c2266d774b,54
0bbe6ee9-26de-45ce-8349-139d43925b8f,16
0bbe6ee9-26de-45ce-8349-139d43925b8f,19
0bbe6ee9-26de-45ce-8349-139d43925b8f,41
d6c858af-4fc9-4cfe-88d5-8d65521c71ad,16
d6c858af-4fc9-4cfe-88d5-8d65521c71ad,3
83bcc354-8fb7-494e-b97a-3073619bb035,16
bf5ee2c0-834d-49e6-85fc-ee9f480b44e8,3
bf5ee2c0-834d-49e6-85fc-ee9f480b44e8,18
bf5ee2c0-834d-49e6-85fc-ee9f480b44e8,41
bf5ee2c0-834d-49e6-85fc-ee9f480b44e8,22
bf5ee2c0-834d-49e6-85fc-ee9f480b44e8,30
c2345182-67b4-4b86-8ea4-f1818215ad9c,16
c2345182-67b4-4b86-8ea4-f1818215ad9c,41
f4252106-ee08-433c-a4a8-59f88d9296d8,16
f4252106-ee08-433c-a4a8-59f88d9296d8,22
f4252106-ee08-433c-a4a8-59f88d9296d8,54
c63e71f9-0b27-4d86-85c8-d2bc93154863,16
c63e71f9-0b27-4d86-85c8-d2bc93154863,3
c63e71f9-0b27-4d86-85c8-d2bc93154863,54
dd8b6638-3b03-424a-ae6a-3f306cf5d1e6,16
dd8b6638-3b03-424a-ae6a-3f306cf5d1e6,3
dd8b6638-3b03-424a-ae6a-3f306cf5d1e6,41
3fc912de-5678-4abf-8c24-9d9c85f64b07,16
3fc912de-5678-4abf-8c24-9d9c85f64b07,3
c4494c72-017a-41f2-b624-c702a3193f7d,16
79261db2-e028-41fa-a661-3f2df0eaa06f,16
79261db2-e028-41fa-a661-3f2df0eaa06f,3
79261db2-e028-41fa-a661-3f2df0eaa06f,19
79261db2-e028-41fa-a661-3f2df0eaa06f,41
79261db2-e028-41fa-a661-3f2df0eaa06f,36
df2aa58a-5922-441f-9ee2-1cc43f7f2f32,16
9412449c-242b-4bf0-a9d7-3fd351051579,16
9412449c-242b-4bf0-a9d7-3fd351051579,3
9412449c-242b-4bf0-a9d7-3fd351051579,22
9412449c-242b-4bf0-a9d7-3fd351051579,54
9412449c-242b-4bf0-a9d7-3fd351051579,39
8037d25a-d61d-4b34-ad32-2a43e7149bff,16
8037d25a-d61d-4b34-ad32-2a43e7149bff,22
8f0dae7a-7503-4af4-8a68-68fce5451101,16
8f0dae7a-7503-4af4-8a68-68fce5451101,22
8f0dae7a-7503-4af4-8a68-68fce5451101,34
b6cf5f1f-606f-4ef2-92f4-ad265392d903,16
b6cf5f1f-606f-4ef2-92f4-ad265392d903,3
f53baae4-0d48-44df-bb51-749948e44e6f,16
f53baae4-0d48-44df-bb51-749948e44e6f,22
a2057dc7-d55e-4ee9-9329-4445c39bfbd7,16
a2057dc7-d55e-4ee9-9329-4445c39bfbd7,54
6a0dc90e-9865-4363-af95-d0d126d272d6,16
6a0dc90e-9865-4363-af95-d0d126d272d6,41
056569b1-81d0-45f2-8d4f-ff6ccacecc3e,16
056569b1-81d0-45f2-8d4f-ff6ccacecc3e,3
056569b1-81d0-45f2-8d4f-ff6ccacecc3e,38
76d5f79b-dd14-4ca3-91a8-2eebf823e2c9,16
76d5f79b-dd14-4ca3-91a8-2eebf823e2c9,22
76d5f79b-dd14-4ca3-91a8-2eebf823e2c9,54
76d5f79b-dd14-4ca3-91a8-2eebf823e2c9,39
4b11db33-183b-4763-a18b-d483b34d2e02,16
4b11db33-183b-4763-a18b-d483b34d2e02,22
4b11db33-183b-4763-a18b-d483b34d2e02,54
bd07c3f5-4854-4d3d-b538-4078964d5057,16
bd07c3f5-4854-4d3d-b538-4078964d5057,3
eb5f2c09-59e3-4019-afc3-8e60d7d6a96c,16
eb5f2c09-59e3-4019-afc3-8e60d7d6a96c,3
eb5f2c09-59e3-4019-afc3-8e60d7d6a96c,18
7b2e2940-9015-4d3d-a082-e131605df7c2,16
7b2e2940-9015-4d3d-a082-e131605df7c2,3
8f31f5f5-d988-4de0-8406-e9af68e94cf6,16
8f31f5f5-d988-4de0-8406-e9af68e94cf6,3
8f31f5f5-d988-4de0-8406-e9af68e94cf6,19
8f31f5f5-d988-4de0-8406-e9af68e94cf6,41
a849a9ea-5be4-4304-a33e-f5ad5e52485a,16
cef5013a-99e3-4349-b4c9-4f1cbaceb5f3,16
cef5013a-99e3-4349-b4c9-4f1cbaceb5f3,3
86a30240-f558-4186-a8c1-8b887a1888c5,16
86a30240-f558-4186-a8c1-8b887a1888c5,3
404111a8-49d6-4b02-81ba-359f629a5ab9,16
404111a8-49d6-4b02-81ba-359f629a5ab9,24
404111a8-49d6-4b02-81ba-359f629a5ab9,1
6141b3e2-455f-4da2-8d25-fbaea9b7d401,16
6141b3e2-455f-4da2-8d25-fbaea9b7d401,22
6141b3e2-455f-4da2-8d25-fbaea9b7d401,54
d3a8b438-2875-4ada-9ac9-ae51317e0c88,56
a23bd17c-4673-4a0f-92a5-d8a74c99afdd,16
a23bd17c-4673-4a0f-92a5-d8a74c99afdd,3
a23bd17c-4673-4a0f-92a5-d8a74c99afdd,18
a23bd17c-4673-4a0f-92a5-d8a74c99afdd,46
0b85e253-2828-496a-a3ab-376bcec9a324,16
0b85e253-2828-496a-a3ab-376bcec9a324,24
2445a9ef-f636-47f0-b421-247d63737471,16
2445a9ef-f636-47f0-b421-247d63737471,36
6746cb31-f42d-40fb-aa83-73ad6bd8b0cc,16
6746cb31-f42d-40fb-aa83-73ad6bd8b0cc,41
6746cb31-f42d-40fb-aa83-73ad6bd8b0cc,27
4c331b3f-efde-4cef-8e03-3f3a7dedb53b,16
4c331b3f-efde-4cef-8e03-3f3a7dedb53b,3
803f8045-bc0c-4429-ba41-afbad0a1ddd0,16
803f8045-bc0c-4429-ba41-afbad0a1ddd0,3
803f8045-bc0c-4429-ba41-afbad0a1ddd0,22
89e72612-7ec3-44d2-85f1-69a80192161f,16
6b66209f-8ea6-4767-b453-2676b47e1e00,16
6b66209f-8ea6-4767-b453-2676b47e1e00,54
d36ba0ac-8c1d-46bf-8122-f4e743e1769e,16
d36ba0ac-8c1d-46bf-8122-f4e743e1769e,37
d36ba0ac-8c1d-46bf-8122-f4e743e1769e,41
d36ba0ac-8c1d-46bf-8122-f4e743e1769e,27
d36ba0ac-8c1d-46bf-8122-f4e743e1769e,55
d36ba0ac-8c1d-46bf-8122-f4e743e1769e,52
f70a2530-01a7-4a03-b91c-d0ed0030ab1c,16
f70a2530-01a7-4a03-b91c-d0ed0030ab1c,22
f70a2530-01a7-4a03-b91c-d0ed0030ab1c,44
2c263d78-d0fa-48eb-94cb-2d04dd7d37c7,16
b7e9e16f-9c2d-422c-b392-c7a313b9c324,56
3b2d8f15-b6dd-436f-a99f-736768d8c971,16
3b2d8f15-b6dd-436f-a99f-736768d8c971,3
80f97f53-edf6-4548-a496-2163bede0b9a,16
80f97f53-edf6-4548-a496-2163bede0b9a,22
80f97f53-edf6-4548-a496-2163bede0b9a,54
80f97f53-edf6-4548-a496-2163bede0b9a,39
d6c62718-f520-431c-aa00-c0c4034677e6,16
9c1ee5fd-d77e-4cd2-99f7-ea8836d843fa,16
2295cf3d-eb90-470e-8194-afc41820b3f6,16
2295cf3d-eb90-470e-8194-afc41820b3f6,22
2295cf3d-eb90-470e-8194-afc41820b3f6,54
5c6e0b95-cec1-475a-b6ec-f08a916578bb,16
5c6e0b95-cec1-475a-b6ec-f08a916578bb,3
1b1c3183-3169-48d4-b1f2-019cc7bed58e,16
1b1c3183-3169-48d4-b1f2-019cc7bed58e,3
1b1c3183-3169-48d4-b1f2-019cc7bed58e,18
88ba7a9b-9d63-40fa-81b8-42849f96310a,16
88ba7a9b-9d63-40fa-81b8-42849f96310a,3
e755e8ac-8773-40ed-bac3-911b7a91d407,16
e755e8ac-8773-40ed-bac3-911b7a91d407,10
95c0a4b1-8c82-4ecf-9023-944b1be2a0f4,16
95c0a4b1-8c82-4ecf-9023-944b1be2a0f4,22
95c0a4b1-8c82-4ecf-9023-944b1be2a0f4,54
ab34f712-9324-4583-8375-2d7b0fa13b49,16
ab34f712-9324-4583-8375-2d7b0fa13b49,3
6c0e103d-1c57-4b62-a984-b217fa79e79c,16
6c0e103d-1c57-4b62-a984-b217fa79e79c,20
6c0e103d-1c57-4b62-a984-b217fa79e79c,40
da0a6e97-1cc4-42cc-9d17-37da230dcb37,16
da0a6e97-1cc4-42cc-9d17-37da230dcb37,41
e8484c84-b97f-4e05-93e7-09178ac66d92,16
e8484c84-b97f-4e05-93e7-09178ac66d92,22
e8484c84-b97f-4e05-93e7-09178ac66d92,54
3c902b24-8bd3-4e95-9a0e-d8af3cf78cf4,16
3c902b24-8bd3-4e95-9a0e-d8af3cf78cf4,3
3c902b24-8bd3-4e95-9a0e-d8af3cf78cf4,36
6419779c-3f9b-49b7-88fc-c163aef9dfca,16
6419779c-3f9b-49b7-88fc-c163aef9dfca,22
6419779c-3f9b-49b7-88fc-c163aef9dfca,54
bb6fabfd-2c65-44d0-9574-f4ec2160648f,16
481ccc29-d036-4e6a-8807-2c7c025ebe62,16
481ccc29-d036-4e6a-8807-2c7c025ebe62,3
481ccc29-d036-4e6a-8807-2c7c025ebe62,24
42e53fcb-0700-451c-86b8-727d5251a6b9,16
42e53fcb-0700-451c-86b8-727d5251a6b9,22
42e53fcb-0700-451c-86b8-727d5251a6b9,39
b44eccf1-dd2a-44b2-86dc-43c642e238a0,16
b44eccf1-dd2a-44b2-86dc-43c642e238a0,18
b44eccf1-dd2a-44b2-86dc-43c642e238a0,24
b44eccf1-dd2a-44b2-86dc-43c642e238a0,40
4f774e6f-58ed-49ef-af9a-b4b2e8403af7,16
4f774e6f-58ed-49ef-af9a-b4b2e8403af7,54
a1ee50de-351f-4644-9414-6e5861f21571,16
a1ee50de-351f-4644-9414-6e5861f21571,22
4bdbc97e-fb15-4cd9-b8ee-e4f70485f1ce,16
4bdbc97e-fb15-4cd9-b8ee-e4f70485f1ce,22
abb7a967-d46a-4ab5-8e6f-f6b00033d9e0,16
abb7a967-d46a-4ab5-8e6f-f6b00033d9e0,22
abb7a967-d46a-4ab5-8e6f-f6b00033d9e0,54
abb7a967-d46a-4ab5-8e6f-f6b00033d9e0,39
9f562136-d52e-4f18-85e4-ba0f147c1994,16
b3575e57-a355-486e-8fbd-3bf593a3404b,16
b3575e57-a355-486e-8fbd-3bf593a3404b,22
b3575e57-a355-486e-8fbd-3bf593a3404b,54
b3575e57-a355-486e-8fbd-3bf593a3404b,39
ac5a2a5b-5464-4442-8a65-5629dc63361d,16
5632a749-4b3a-463a-b444-9c32b9135248,16
5632a749-4b3a-463a-b444-9c32b9135248,3
394213da-fc02-493e-937b-24c4114b8d17,16
394213da-fc02-493e-937b-24c4114b8d17,22
d2a6ecfe-f323-4c37-8550-a79b8a4a7543,16
d2a6ecfe-f323-4c37-8550-a79b8a4a7543,22
d2a6ecfe-f323-4c37-8550-a79b8a4a7543,21
0f742d9e-4fff-4599-b734-7f2e774487b4,16
0f742d9e-4fff-4599-b734-7f2e774487b4,54
6b4375c5-9818-41f2-8a99-b47c58986d22,16
8e037d7b-28e1-4294-938a-44f17c615ef0,16
a99b7be4-a0b1-4067-a7dd-0a59b9ce79b4,16
a99b7be4-a0b1-4067-a7dd-0a59b9ce79b4,3
a99b7be4-a0b1-4067-a7dd-0a59b9ce79b4,41
12635a0f-db1a-4f39-a264-8bc4dbeb9a3a,16
f36bf276-67fa-4d34-80dd-3811b4d5a2f3,16
f36bf276-67fa-4d34-80dd-3811b4d5a2f3,22
f36bf276-67fa-4d34-80dd-3811b4d5a2f3,21
e6f91f97-688f-43f7-9da7-e4c5f0cc8f79,56
70242e9a-88f8-4ce6-854f-7dc65d8e667c,16
4a16f957-64dc-47df-af5f-caff7499dc92,16
4a16f957-64dc-47df-af5f-caff7499dc92,39
7a34d3e1-3b8a-4ba1-ba50-a4b38aa43031,16
7a34d3e1-3b8a-4ba1-ba50-a4b38aa43031,3
802d62bb-b731-472a-a297-1d34ce73b098,16
802d62bb-b731-472a-a297-1d34ce73b098,22
802d62bb-b731-472a-a297-1d34ce73b098,21
c09f630c-421f-444b-9902-f71dc05209b4,16
c09f630c-421f-444b-9902-f71dc05209b4,22
c09f630c-421f-444b-9902-f71dc05209b4,54
0a61f597-38aa-49a7-9124-4c2194ba4419,16
0a61f597-38aa-49a7-9124-4c2194ba4419,22
0a61f597-38aa-49a7-9124-4c2194ba4419,30
56d537f8-029a-49c3-83a4-93fba662c18b,16
56d537f8-029a-49c3-83a4-93fba662c18b,18
56d537f8-029a-49c3-83a4-93fba662c18b,22
56d537f8-029a-49c3-83a4-93fba662c18b,21
56d537f8-029a-49c3-83a4-93fba662c18b,39
401425da-2cba-415b-b5ed-8b8f8d1d1754,16
023ccc6c-1fb7-4c2d-8478-977d7bc23825,56
840b2b25-8e61-46de-9504-13d7609347c8,16
15e3df48-f2db-48f2-bfc9-e0e1b040bd11,16
15e3df48-f2db-48f2-bfc9-e0e1b040bd11,2
eb25fdd0-90ae-4e06-9b33-f61aa5e40348,16
eb25fdd0-90ae-4e06-9b33-f61aa5e40348,3
eb25fdd0-90ae-4e06-9b33-f61aa5e40348,54
6d87b2ea-0462-49cb-a90b-416d5adc590a,16
6d87b2ea-0462-49cb-a90b-416d5adc590a,41
6d87b2ea-0462-49cb-a90b-416d5adc590a,10
b5dfefdd-72fc-40f6-ad72-6a6f7ba101d4,16
b5dfefdd-72fc-40f6-ad72-6a6f7ba101d4,48
6b7f548a-fa8d-4b98-adc8-1d49a3e63e8a,56
52dea05e-ca54-45b1-90ac-59b9068e269c,16
8bedd084-06b2-4262-8c3d-a7b0a30cb7b1,16
8bedd084-06b2-4262-8c3d-a7b0a30cb7b1,41
396fcdd2-e5eb-4dd6-a5a8-1893a1663a57,16
396fcdd2-e5eb-4dd6-a5a8-1893a1663a57,22
396fcdd2-e5eb-4dd6-a5a8-1893a1663a57,54
e15746f9-cdfe-4609-996f-80d4fac7d3af,16
e15746f9-cdfe-4609-996f-80d4fac7d3af,3
7307871e-fe7f-48aa-afb6-81cd3cd81452,16
7307871e-fe7f-48aa-afb6-81cd3cd81452,3
7307871e-fe7f-48aa-afb6-81cd3cd81452,36
b95b1de2-7ccb-49c3-8169-2a3241ce95c8,16
b95b1de2-7ccb-49c3-8169-2a3241ce95c8,22
b95b1de2-7ccb-49c3-8169-2a3241ce95c8,54
4181068a-4b33-4ff3-abde-d09058296f39,16
4181068a-4b33-4ff3-abde-d09058296f39,3
4181068a-4b33-4ff3-abde-d09058296f39,18
9866db46-d990-4c7d-829c-ce0f18f4a219,16
9866db46-d990-4c7d-829c-ce0f18f4a219,3
9866db46-d990-4c7d-829c-ce0f18f4a219,18
d8bd0ee6-5b4b-4c9c-971b-bf400a53b916,16
7bc8726e-c21f-470c-8832-798aa7fbbc31,16
7bc8726e-c21f-470c-8832-798aa7fbbc31,22
c351ed32-85a6-4cc7-9caa-3ffd2a574d45,16
c351ed32-85a6-4cc7-9caa-3ffd2a574d45,3
c351ed32-85a6-4cc7-9caa-3ffd2a574d45,41
c351ed32-85a6-4cc7-9caa-3ffd2a574d45,52
ceed49b1-85a3-480e-bbda-a79910708590,56
ab625359-c787-4ba5-907d-ae75a9ce44e1,16
ab625359-c787-4ba5-907d-ae75a9ce44e1,3
e7a78555-91be-4807-9dfe-d560d800ef3c,16
e7a78555-91be-4807-9dfe-d560d800ef3c,22
e7a78555-91be-4807-9dfe-d560d800ef3c,54
292a4265-f249-45a8-9025-de01028949b9,16
292a4265-f249-45a8-9025-de01028949b9,41
42a1e744-c2e6-48a1-b652-418b23b312e3,16
42a1e744-c2e6-48a1-b652-418b23b312e3,22
42a1e744-c2e6-48a1-b652-418b23b312e3,54
42a1e744-c2e6-48a1-b652-418b23b312e3,9
e46c8085-53a7-4f4d-8216-c24a6541ab84,16
e46c8085-53a7-4f4d-8216-c24a6541ab84,54
e46c8085-53a7-4f4d-8216-c24a6541ab84,39
9d49128e-a46e-4257-8efe-a69128de0273,16
9d49128e-a46e-4257-8efe-a69128de0273,15
60e06a17-9dbc-4397-ace1-0cc5a53c67e0,16
60e06a17-9dbc-4397-ace1-0cc5a53c67e0,22
f0224e0f-673f-42a4-af48-d16b873ac04f,16
f0224e0f-673f-42a4-af48-d16b873ac04f,22
b6349259-2877-4c30-bb71-3e66bedfbed4,16
b6349259-2877-4c30-bb71-3e66bedfbed4,3
b6349259-2877-4c30-bb71-3e66bedfbed4,46
571f6b9e-f80d-4b49-81b3-a30effbbb466,16
571f6b9e-f80d-4b49-81b3-a30effbbb466,22
571f6b9e-f80d-4b49-81b3-a30effbbb466,54
09986bca-9608-430c-9c5d-435c214bdf80,16
09986bca-9608-430c-9c5d-435c214bdf80,54
5f89a811-0fdc-48e8-a8e7-79bdfc8c56b8,16
628c722f-de12-4a93-89cc-2505d074cf8b,16
628c722f-de12-4a93-89cc-2505d074cf8b,22
628c722f-de12-4a93-89cc-2505d074cf8b,54
ce94f650-1c93-4f69-99ba-736f8edcb63f,16
ce94f650-1c93-4f69-99ba-736f8edcb63f,3
aa3f28b4-434e-48bf-968a-92b0c3d0c4dc,16
aa3f28b4-434e-48bf-968a-92b0c3d0c4dc,54
c4b48db3-ead7-47fd-b482-257ededc0e53,16
c4b48db3-ead7-47fd-b482-257ededc0e53,54
f8266255-06e9-473f-9eda-ca88602982f6,16
f8266255-06e9-473f-9eda-ca88602982f6,3
c62b100c-3e3d-44d4-85dc-9e42dab63f30,16
c62b100c-3e3d-44d4-85dc-9e42dab63f30,3
c62b100c-3e3d-44d4-85dc-9e42dab63f30,18
c62b100c-3e3d-44d4-85dc-9e42dab63f30,41
02ca903c-837b-42ac-a1e2-2e82dee517ac,16
02ca903c-837b-42ac-a1e2-2e82dee517ac,3
fbc80515-08a5-4a9e-84b9-6a71881b9d1f,16
fbc80515-08a5-4a9e-84b9-6a71881b9d1f,22
fbc80515-08a5-4a9e-84b9-6a71881b9d1f,54
fbc80515-08a5-4a9e-84b9-6a71881b9d1f,21
f69d7cfa-0108-41e9-8856-5d9dd2b27c23,16
f69d7cfa-0108-41e9-8856-5d9dd2b27c23,3
f69d7cfa-0108-41e9-8856-5d9dd2b27c23,18
f69d7cfa-0108-41e9-8856-5d9dd2b27c23,41
2d1eb9de-9bd8-48bf-ad0d-01f4def87108,16
2d1eb9de-9bd8-48bf-ad0d-01f4def87108,54
e38f4cd3-b890-4ac3-945f-3415b9d2149c,16
e38f4cd3-b890-4ac3-945f-3415b9d2149c,3
e38f4cd3-b890-4ac3-945f-3415b9d2149c,22
e38f4cd3-b890-4ac3-945f-3415b9d2149c,54
e38f4cd3-b890-4ac3-945f-3415b9d2149c,35
c04d5ed1-2805-4d26-9a62-546c7433f7b1,56
9177a887-f896-45cb-99d7-46f6fcfe3cb7,16
b21ed4aa-d93e-463f-9dff-8fe60eb1c461,16
b21ed4aa-d93e-463f-9dff-8fe60eb1c461,22
b21ed4aa-d93e-463f-9dff-8fe60eb1c461,54
dc10adde-46a9-4e3a-8567-412981ca2cfb,56
e80b7279-42a6-4710-ad1f-5427d9374852,16
e80b7279-42a6-4710-ad1f-5427d9374852,22
e80b7279-42a6-4710-ad1f-5427d9374852,21
8a4a223a-dcee-457e-ad38-d29be11728eb,16
fd15d808-d56b-4ba4-8473-914881435bab,16
817183dc-68e0-40d1-acfb-835d402704f5,16
817183dc-68e0-40d1-acfb-835d402704f5,3
40884e76-53cb-460d-859f-eb0b5830cbcf,16
40884e76-53cb-460d-859f-eb0b5830cbcf,3
40884e76-53cb-460d-859f-eb0b5830cbcf,18
40884e76-53cb-460d-859f-eb0b5830cbcf,46
6358b139-2ef6-408d-811a-717042338b01,16
6358b139-2ef6-408d-811a-717042338b01,22
6358b139-2ef6-408d-811a-717042338b01,30
de1e1891-6fcf-4bda-9ec4-7ba21fa7ffd9,16
de1e1891-6fcf-4bda-9ec4-7ba21fa7ffd9,3
de1e1891-6fcf-4bda-9ec4-7ba21fa7ffd9,18
512d77b7-ddc0-4063-a539-d04097ebafbf,16
512d77b7-ddc0-4063-a539-d04097ebafbf,48
e0c006da-6892-44ab-9d5a-41ff5098de47,16
e0c006da-6892-44ab-9d5a-41ff5098de47,48
dc8ac82c-967d-4b73-b0f1-8fdb3dbda06f,56
d2e7cfc1-8ca6-4a0e-a919-e0a95d837ce9,16
d2e7cfc1-8ca6-4a0e-a919-e0a95d837ce9,3
3320698a-c039-4adf-b801-90d830400428,16
3320698a-c039-4adf-b801-90d830400428,22
3320698a-c039-4adf-b801-90d830400428,54
a3c5cd01-de73-4f14-84c1-9d718b7d253e,16
a3c5cd01-de73-4f14-84c1-9d718b7d253e,3
030704d3-a994-4d5f-9b29-953c853ea59a,16
030704d3-a994-4d5f-9b29-953c853ea59a,54
2a5323fa-d4b9-4e0b-811d-54b7ab2db456,16
1cf9c253-a0bb-43e1-8301-d5261023684d,56
047c5aaf-c5b1-4f66-ba32-14a5dc0cbd78,16
047c5aaf-c5b1-4f66-ba32-14a5dc0cbd78,3
fcf430fe-8d27-4dbf-94f6-e094cbc07ce9,16
fcf430fe-8d27-4dbf-94f6-e094cbc07ce9,18
fcf430fe-8d27-4dbf-94f6-e094cbc07ce9,46
fcf430fe-8d27-4dbf-94f6-e094cbc07ce9,24
61187b85-cc31-46ab-8a4d-c84d4adf0c6a,16
61187b85-cc31-46ab-8a4d-c84d4adf0c6a,22
61187b85-cc31-46ab-8a4d-c84d4adf0c6a,54
61187b85-cc31-46ab-8a4d-c84d4adf0c6a,32
98d4d654-8f42-44a4-83e1-9655e813c9ae,16
34484d29-d281-4286-bee6-0c8d3bfcdb3b,16
34484d29-d281-4286-bee6-0c8d3bfcdb3b,3
650196de-5f79-4b55-89d7-6e93562a4af6,16
05eab101-4405-4b35-bcab-4f0b5dca1a68,16
05eab101-4405-4b35-bcab-4f0b5dca1a68,22
